split_strategy,split_pool,split_val_fraction,split_test_fraction,val_is_fixed_across_seeds,test_is_fixed_across_seeds,setting,b_cap,head_lr,backbone_lr,frozen_epochs,train_sampling_mode,unfreeze_scope,train_threshold,train_size,init_head,train_mae_mean,train_mae_std,train_mae_count,train_rmse_mean,train_rmse_std,train_rmse_count,train_pearson_mean,train_pearson_std,train_pearson_count,train_spearman_mean,train_spearman_std,train_spearman_count,train_r2_mean,train_r2_std,train_r2_count,train_pearson_sq_mean,train_pearson_sq_std,train_pearson_sq_count,train_loss_standardized_mean,train_loss_standardized_std,train_loss_standardized_count,val_mae_mean,val_mae_std,val_mae_count,val_rmse_mean,val_rmse_std,val_rmse_count,val_pearson_mean,val_pearson_std,val_pearson_count,val_spearman_mean,val_spearman_std,val_spearman_count,val_r2_mean,val_r2_std,val_r2_count,val_pearson_sq_mean,val_pearson_sq_std,val_pearson_sq_count,val_loss_standardized_mean,val_loss_standardized_std,val_loss_standardized_count,test_mae_mean,test_mae_std,test_mae_count,test_rmse_mean,test_rmse_std,test_rmse_count,test_pearson_mean,test_pearson_std,test_pearson_count,test_spearman_mean,test_spearman_std,test_spearman_count,test_r2_mean,test_r2_std,test_r2_count,test_pearson_sq_mean,test_pearson_sq_std,test_pearson_sq_count,test_loss_standardized_mean,test_loss_standardized_std,test_loss_standardized_count,best_epoch_mean,best_epoch_std,best_epoch_count,best_val_loss_standardized_mean,best_val_loss_standardized_std,best_val_loss_standardized_count,initial_trainable_params_mean,initial_trainable_params_std,initial_trainable_params_count,final_trainable_params_mean,final_trainable_params_std,final_trainable_params_count
random_all_per_seed,all_rows,0.1,0.1,False,False,B2_with_RC,,0.0005,0.0001,0,random,branched_only,1,2297,HepG2,0.2507448121905327,0.03609171135577809,4,0.3288082778453827,0.04688571292013816,4,0.4988288182637431,0.17065900420243657,4,0.426271918255808,0.1897075669024879,4,0.25562803584591015,0.18249212938355283,4,0.27067356171692786,0.19871546124996745,4,0.7440479025244713,0.18241266579563675,4,0.26408591121435165,0.008580258827410061,4,0.34561997652053833,0.014492676805440972,4,0.3184504072805131,0.11659588133011863,4,0.23881421162250838,0.06757614727601673,4,0.09798470565435768,0.08667410228345636,4,0.11160661155448501,0.08213885927579877,4,0.8154050558805466,0.08376397951564343,4,0.27576177567243576,0.018836968459410054,4,0.3603570982813835,0.02249268122055814,4,0.3255691586895318,0.029818496108817674,4,0.2530817194510787,0.025753545675466817,4,0.09708543322393703,0.028035049289586708,4,0.1066621341224532,0.019358138262530394,4,0.8872579038143158,0.114972841071587,4,48.0,78.85429601486528,4,0.8154050558805466,0.08376397951564343,4,179761.0,0.0,4,179761.0,0.0,4
random_all_per_seed,all_rows,0.1,0.1,False,False,B2_with_RC,,0.0005,0.0001,0,random,branched_only,1,2297,K562,0.2592025026679039,0.023708628277097517,4,0.3397655189037323,0.03191374282755321,4,0.45760373625980566,0.13949692641044925,4,0.3893344711720051,0.14201224715208402,4,0.21096358120688877,0.1258157050758372,4,0.2239957237974055,0.13997606746765895,4,0.7886928766965866,0.1257608699663595,4,0.26387137919664383,0.00755911963245378,4,0.3458788990974426,0.014987749104621018,4,0.3128314150998016,0.12581558292862455,4,0.2295739722439926,0.07860614668018626,4,0.09624114017541494,0.0929194676626674,4,0.10973566495409659,0.08668218889464555,4,0.8166630566120148,0.08520293118680196,4,0.27693646401166916,0.021294371215537126,4,0.3598778247833252,0.025035976535018833,4,0.32201772836985804,0.061003102279370044,4,0.24514873072150248,0.04290820491786131,4,0.09992151667117119,0.033590223689776995,4,0.10648645125026414,0.03666977424709642,4,0.8849901705980301,0.12274023344813924,4,32.0,43.520110293977886,4,0.8166630566120148,0.08520293118680196,4,179761.0,0.0,4,179761.0,0.0,4
random_all_per_seed,all_rows,0.1,0.1,False,False,B2_with_RC,,0.0005,0.0001,0,random,branched_only,1,2297,SKNSH,0.2622675374150276,0.009654542026136402,4,0.3436623737215996,0.01284945098767915,4,0.447088803247589,0.05358039814819453,4,0.37251128916324616,0.054117584247334594,4,0.19548094560325055,0.04559612695356264,4,0.20204154228865062,0.04895743173959316,4,0.8041688203811646,0.04557621637729761,4,0.2641966789960861,0.008018929117285217,4,0.34582165628671646,0.01417661674872191,4,0.31242936999364007,0.10745176117304367,4,0.23063940328670826,0.05153698358723788,4,0.09704444612882693,0.0845221581312377,4,0.10627152196901445,0.07546302013992082,4,0.8163476139307022,0.0831244096255733,4,0.2737753465771675,0.016800390941694637,4,0.35733136534690857,0.01997383793987302,4,0.34258384627256155,0.020424232456539952,4,0.25162692585853325,0.025431705622207507,4,0.11188614245750692,0.01203368979058655,4,0.11767655368048119,0.013723217057146067,4,0.8713730722665787,0.097027978318413,4,23.75,19.972898304118676,4,0.8163476139307022,0.0831244096255733,4,179761.0,0.0,4,179761.0,0.0,4
random_all_per_seed,all_rows,0.1,0.1,False,False,B2_with_RC,,0.0005,0.0001,0,random,branched_only,1,3063,HepG2,0.2570490464568138,0.013684329212629597,4,0.3350199684500694,0.01831641719022679,4,0.47540009271352135,0.0803482028465084,4,0.38866759844903337,0.08933023668877414,4,0.22350871665289337,0.07943283510046034,4,0.23084712342752245,0.08269590148361307,4,0.7762377560138702,0.07940693220481668,4,0.2639344111084938,0.008626920474242801,4,0.34509744495153427,0.014846049380570483,4,0.3189816707060917,0.11953212668663743,4,0.23726032401250655,0.06533564255874376,4,0.10030283262094775,0.0923419782363109,4,0.11246525322912226,0.08475548399495382,4,0.8235217332839966,0.0750489647297532,4,0.2731420323252678,0.018276089459220022,4,0.3564213067293167,0.021449200069272947,4,0.35120034205854406,0.03076684339308715,4,0.2510783491878608,0.027441140191571217,4,0.1165853445854736,0.02254240603671042,4,0.1240516292513194,0.022222978750284342,4,0.8796628266572952,0.10988354534085205,4,32.25,30.576407026769292,4,0.8235217332839966,0.0750489647297532,4,179761.0,0.0,4,179761.0,0.0,4
random_all_per_seed,all_rows,0.1,0.1,False,False,B2_with_RC,,0.0005,0.0001,0,random,branched_only,1,3063,K562,0.26283683627843857,0.009854678960628761,4,0.3427583649754524,0.014076070700011094,4,0.43810659905956484,0.080261403898409,4,0.3572861393017916,0.0718421001220389,4,0.18786899853223546,0.06486682293292037,4,0.19676881185634593,0.06796866791716859,4,0.8118658661842346,0.06484568396394685,4,0.2636650279164314,0.009209117268990565,4,0.3450464904308319,0.015196301488987346,4,0.3160395977163893,0.12744663584684068,4,0.22977449226482727,0.08531566735476066,4,0.10043999570228401,0.0946478516262614,4,0.11206301106624508,0.08981514975128632,4,0.8233354538679123,0.07668182049607732,4,0.27485472708940506,0.02070367978501451,4,0.35832182317972183,0.02386426546284969,4,0.3341144223038997,0.05318923656368008,4,0.24479603181290527,0.03794673195341526,4,0.10750702603988402,0.029607149596116617,4,0.11375426835613899,0.033743327869890004,4,0.8896018713712692,0.12306556347269691,4,25.25,20.966242709015205,4,0.8233354538679123,0.07668182049607732,4,179761.0,0.0,4,179761.0,0.0,4
random_all_per_seed,all_rows,0.1,0.1,False,False,B2_with_RC,,0.0005,0.0001,0,random,branched_only,1,3063,SKNSH,0.25889311730861664,0.010320632695809982,4,0.3378209248185158,0.014164487700788861,4,0.46529988820770757,0.06861470454561716,4,0.38654240659565126,0.07990291441162176,4,0.21113904375182124,0.06181147964087801,4,0.22003496922601692,0.06665129853913684,4,0.7886034250259399,0.061791341328215434,4,0.26342517882585526,0.00749220954238384,4,0.3451390862464905,0.0144267714650617,4,0.31721193678411236,0.11518513624579561,4,0.24273352165913442,0.05679601087556485,4,0.1004139051506695,0.08729140047864349,4,0.11057412454729956,0.08140131983625815,4,0.823640987277031,0.07306347359727591,4,0.2713148295879364,0.01742722428444822,4,0.35513364523649216,0.021072751702288398,4,0.3555971833903173,0.023530626442298072,4,0.25384629201966974,0.031167727265164154,4,0.1229828924481445,0.016477152455534525,4,0.12686462462070222,0.016800737483350914,4,0.8732344657182693,0.10774600728068677,4,33.25,25.708299567779015,4,0.823640987277031,0.07306347359727591,4,179761.0,0.0,4,179761.0,0.0,4
random_all_per_seed,all_rows,0.1,0.1,False,False,B2_with_RC,,0.0005,0.0001,0,random,conv3_plus,1,2297,HepG2,0.25759756565093994,0.018455630605838914,4,0.338098980486393,0.023941040278946512,4,0.47299872632489004,0.10205335930988059,4,0.3827990736326294,0.0790025266145401,4,0.21941783097159365,0.1013668891671783,4,0.2315389612147919,0.0965700903947474,4,0.7802423238754272,0.10132271005802883,4,0.26623623818159103,0.009018368655218966,4,0.3475862815976143,0.013478852131555879,4,0.297221152454025,0.11519090405150055,4,0.21062856844493122,0.05770611606213694,4,0.08800080311992792,0.08127244253723385,4,0.09829212174825025,0.075147328708742,4,0.8244827091693878,0.07968764904467894,4,0.2751711532473564,0.01581697426538872,4,0.3605414852499962,0.019929183237521655,4,0.32553429778638115,0.029311991281490705,4,0.24647086391632148,0.013780117371311651,4,0.09575093741450189,0.016742941483098316,4,0.10661697365993693,0.01870776144267159,4,0.8869253545999527,0.096242839317541,4,1.5,1.7320508075688772,4,0.8244827091693878,0.07968764904467894,4,3063361.0,0.0,4,3063361.0,0.0,4
random_all_per_seed,all_rows,0.1,0.1,False,False,B2_with_RC,,0.0005,0.0001,0,random,conv3_plus,1,2297,K562,0.2673931196331978,0.00724204984851117,4,0.35005150735378265,0.010662988949220575,4,0.41918506819439094,0.042229251960066945,4,0.33499000595736944,0.03607146597479757,4,0.16512738109558195,0.04382866976947223,4,0.1770536036879663,0.03570342728253869,4,0.8345091491937637,0.04380956625788594,4,0.26562637835741043,0.008224533086716754,4,0.3481919690966606,0.01425034309828998,4,0.2881785395079862,0.11661797054133684,4,0.2105006224702707,0.06716439847552355,4,0.0848036482805864,0.08323839973248162,4,0.09324668392284105,0.07605919374570759,4,0.8275180160999298,0.08353085264308903,4,0.27486027777194977,0.019368666720936567,4,0.35976392775774,0.02139318906976876,4,0.327835279492955,0.03568091120811157,4,0.25646771691994796,0.03550942232972161,4,0.0999418836290352,0.01853639662060655,4,0.10843081604870478,0.022371040427926713,4,0.8834439516067505,0.10351943331892241,4,0.75,0.9574271077563381,4,0.8275180160999298,0.08353085264308903,4,3063361.0,0.0,4,3063361.0,0.0,4
random_all_per_seed,all_rows,0.1,0.1,False,False,B2_with_RC,,0.0005,0.0001,0,random,conv3_plus,1,2297,SKNSH,0.25766532123088837,0.01968350076852655,4,0.3381572440266609,0.026394667899768815,4,0.47526334137503484,0.11137800256925763,4,0.3992176348190378,0.0857147963409151,4,0.21873294129647128,0.11159926580408315,4,0.2351790382472011,0.10605727611041131,4,0.7809269577264786,0.1115506978548771,4,0.26693109422922134,0.009098086147511104,4,0.3483533635735512,0.014953081057324345,4,0.2888512849523436,0.12483791401260103,4,0.22096227066624052,0.08377011572371777,4,0.08367059167713253,0.08834146391766866,4,0.09512344339988316,0.08052245523204533,4,0.8285893350839615,0.08873678085323991,4,0.27626366913318634,0.016091593149901103,4,0.3623270317912102,0.01913639916249652,4,0.3115370836215691,0.025376830534066242,4,0.23656934419707015,0.019034631615043415,4,0.08665191286429005,0.013208362050100347,4,0.09753834211739858,0.015934405806343095,4,0.8956657201051712,0.09369585799049455,4,1.5,1.7320508075688772,4,0.8285893350839615,0.08873678085323991,4,3063361.0,0.0,4,3063361.0,0.0,4
random_all_per_seed,all_rows,0.1,0.1,False,False,B2_with_RC,,0.0005,0.0001,0,random,conv3_plus,1,3063,HepG2,0.2587161287665367,0.008196007048114769,4,0.3376249223947525,0.011033739977475655,4,0.46657297610369136,0.05354934400587899,4,0.3621937804138511,0.037835787416337086,4,0.21222326888389262,0.05256220851017701,4,0.21984099121285072,0.0485303250756287,4,0.7875195294618607,0.052545075755731946,4,0.26415734738111496,0.008117368604252138,4,0.34658432751893997,0.014856297663028869,4,0.31361426782314683,0.11280141206829719,4,0.22809087953730128,0.06478264795984011,4,0.09280902684220871,0.0894879143282335,4,0.10789702790569981,0.07856670897992984,4,0.8306134045124054,0.07542615662606643,4,0.27345511317253113,0.01792844151600245,4,0.35749809443950653,0.02213970022219224,4,0.3396550808738452,0.0337841039239646,4,0.2527221382447057,0.033720702476673366,4,0.11141187331702299,0.020445859602688275,4,0.11622159822187726,0.022176121544417005,4,0.885117843747139,0.11387062780556934,4,1.25,0.9574271077563382,4,0.8306134045124054,0.07542615662606643,4,3063361.0,0.0,4,3063361.0,0.0,4
random_all_per_seed,all_rows,0.1,0.1,False,False,B2_with_RC,,0.0005,0.0001,0,random,conv3_plus,1,3063,K562,0.2636817768216133,0.007743231353102986,4,0.34399984776973724,0.0100667059406058,4,0.4340168299305766,0.05350943712505643,4,0.33192889372293066,0.04072407113560046,4,0.18219609671697024,0.051094331151651975,4,0.1905180535590673,0.04722923654681847,4,0.8175369203090668,0.05107765980222699,4,0.26449160277843475,0.00824290920095446,4,0.34691381454467773,0.015079733295957241,4,0.30080955871266213,0.12007561266278742,4,0.21897045273895854,0.06848896311730036,4,0.09092245914790123,0.09211131626260706,4,0.10130000518016435,0.08257872186699215,4,0.8322371989488602,0.07658118284093238,4,0.2742244154214859,0.017764519962722502,4,0.35910533368587494,0.01979227539678791,4,0.33377900185035575,0.02170315135871048,4,0.25655561517466424,0.03422638183544871,4,0.10300641095922464,0.010485841967756416,4,0.1117616921603941,0.014362519405561222,4,0.8925248980522156,0.10257198358070763,4,0.75,0.9574271077563381,4,0.8322371989488602,0.07658118284093238,4,3063361.0,0.0,4,3063361.0,0.0,4
random_all_per_seed,all_rows,0.1,0.1,False,False,B2_with_RC,,0.0005,0.0001,0,random,conv3_plus,1,3063,SKNSH,0.26065589115023613,0.011762533745405892,4,0.3402145653963089,0.015932102780399793,4,0.45233372682663436,0.0770119220241113,4,0.3587305934021209,0.05313171905942815,4,0.19933892559160207,0.07644169515567277,4,0.2090539275252581,0.06970968859954475,4,0.8003996759653091,0.07641676815337257,4,0.26550939679145813,0.008003723183802249,4,0.34739208221435547,0.014031137744139723,4,0.2968846831936242,0.1215983774205654,4,0.22325216193548797,0.07264790935263218,4,0.08849472212928594,0.08928337401969984,4,0.09923013915846432,0.08041926192533828,4,0.8343650549650192,0.07178459376164438,4,0.27550796419382095,0.017148781606197365,4,0.3608284071087837,0.02004904681160358,4,0.32177463590956806,0.0240842891573957,4,0.24324227738858412,0.028341459634533793,4,0.09438253862526166,0.013961777202356042,4,0.10397395605289787,0.0154257875843206,4,0.9011524468660355,0.10419362868365782,4,1.0,1.1547005383792515,4,0.8343650549650192,0.07178459376164438,4,3063361.0,0.0,4,3063361.0,0.0,4
random_all_per_seed,all_rows,0.1,0.1,False,False,B2_with_RC,,0.0005,0.0001,0,random,full,1,2297,HepG2,0.24696753546595573,0.02563140445147804,4,0.32664576917886734,0.028370981721235575,4,0.5531839277922417,0.09597590499589816,4,0.4578652346811479,0.10132923456271727,4,0.26813549958360283,0.12758042529706692,4,0.31292098872248825,0.11531170473325864,4,0.7315459102392197,0.12752490076655457,4,0.2667558938264847,0.008073469350856718,4,0.34892913699150085,0.012117459391998412,4,0.29445570458732884,0.09544715444127379,4,0.21050661754865568,0.05005581589274481,4,0.08179535523784115,0.0650653946612468,4,0.09353678143222255,0.06119640550943238,4,0.8306735306978226,0.07493927499025135,4,0.27646106481552124,0.014771074464754858,4,0.36071255803108215,0.0193287883963945,4,0.32933848372477564,0.02555009155760649,4,0.24772374510037337,0.026737390638380872,4,0.09476662210383416,0.01781667932630185,4,0.10895344224608587,0.016958121391098875,4,0.8879900276660919,0.09748735617382238,4,0.5,1.0,4,0.8306735306978226,0.07493927499025135,4,3747661.0,0.0,4,3747661.0,0.0,4
random_all_per_seed,all_rows,0.1,0.1,False,False,B2_with_RC,,0.0005,0.0001,0,random,full,1,2297,K562,0.2506934329867363,0.014941555568214302,4,0.32978004962205887,0.019988171847038015,4,0.5328581954208583,0.05142952944351995,4,0.4312745292379708,0.04640730651640945,4,0.2580874940428248,0.07996375118656608,4,0.2859216038012601,0.05496328621959868,4,0.7415895164012909,0.07992891465446816,4,0.26554401218891144,0.007559537500028846,4,0.3481189161539078,0.012220083793242823,4,0.30005349968674455,0.10118362016793263,4,0.22036938736097847,0.06581731042152401,4,0.08591671177634613,0.0676023644605418,4,0.09771069641697955,0.06533929999401991,4,0.8267763555049896,0.07420340889051287,4,0.27541013807058334,0.0176354171246846,4,0.3599291518330574,0.019816738757576512,4,0.340071456474783,0.03197394503810492,4,0.2659598736835499,0.03421901578963043,4,0.09882256983580828,0.01547328884142125,4,0.11641534537985505,0.02164637470943421,4,0.8840531408786774,0.09748195683106224,4,0.5,0.5773502691896257,4,0.8267763555049896,0.07420340889051287,4,3747661.0,0.0,4,3747661.0,0.0,4
random_all_per_seed,all_rows,0.1,0.1,False,False,B2_with_RC,,0.0005,0.0001,0,random,full,1,2297,SKNSH,0.257784616202116,0.00974437135736182,4,0.33839208632707596,0.012590322996875453,4,0.5110485736321687,0.04066606500067957,4,0.43571661244816967,0.03891172740823607,4,0.21879427155250689,0.06453973424819552,4,0.2624109412434538,0.04315231353886845,4,0.7808656394481659,0.06451168653439834,4,0.2679770737886429,0.007503020611570375,4,0.34982653707265854,0.013510096111389048,4,0.27835722645028105,0.10449321271239516,4,0.2249105543201828,0.07412135657099046,4,0.07698548698217178,0.06984278156053277,4,0.08567186914431144,0.0667933433709952,4,0.8353552669286728,0.08360191416453225,4,0.2760569155216217,0.01451180813796856,4,0.36226366460323334,0.01773361654174407,4,0.3187802264081751,0.006026133390909614,4,0.24876105426270015,0.023714626235143928,4,0.08675254544702773,0.008091110374618361,4,0.10164806846158116,0.0038274553708266454,4,0.8952629864215851,0.08923540369730765,4,0.25,0.5,4,0.8353552669286728,0.08360191416453225,4,3747661.0,0.0,4,3747661.0,0.0,4
random_all_per_seed,all_rows,0.1,0.1,False,False,B2_with_RC,,0.0005,0.0001,0,random,full,1,3063,HepG2,0.24376042187213898,0.015097217929996012,4,0.320987269282341,0.017928094090982904,4,0.5576785244290917,0.06294591328720273,4,0.44387273030527763,0.053035306252670666,4,0.2867358194248907,0.0812516657501909,4,0.313976977609079,0.07015967128904785,4,0.7130313515663147,0.08122516231866947,4,0.26512446999549866,0.00774009188377856,4,0.34781425446271896,0.012124809208215239,4,0.3072490628758687,0.09514328989732969,4,0.22884042162883256,0.05502737040316157,4,0.08740683353826095,0.06913569124176284,4,0.10119117084746498,0.06390164734040668,4,0.8360286206007004,0.06205802327098669,4,0.27415916323661804,0.016245315336729585,4,0.35865093022584915,0.01956491790290028,4,0.3408127083838248,0.029864550788733495,4,0.2539391637314591,0.03395791170177507,4,0.10512795330685373,0.01840318751374484,4,0.11682222074127767,0.020293292475806378,4,0.8902002424001694,0.10140205506556213,4,0.5,0.5773502691896257,4,0.8360286206007004,0.06205802327098669,4,3747661.0,0.0,4,3747661.0,0.0,4
random_all_per_seed,all_rows,0.1,0.1,False,False,B2_with_RC,,0.0005,0.0001,0,random,full,1,3063,K562,0.25181354209780693,0.011511721345439095,4,0.33034472167491913,0.013746994108446941,4,0.5211935009911358,0.048615847514957365,4,0.4018183289785848,0.040156338310429564,4,0.24516043456109401,0.06613111634907107,4,0.27341529094759526,0.05302182047103375,4,0.7545931190252304,0.06610949794025732,4,0.264695905148983,0.007773682579099739,4,0.3472459688782692,0.013443516288670741,4,0.30418493177785233,0.10907419737111958,4,0.21613232443367658,0.06611035331565497,4,0.08973631049186676,0.08168538862565734,4,0.10145135811981214,0.07504080130952102,4,0.8335369676351547,0.06874715898442706,4,0.27323514968156815,0.01566674690277649,4,0.3583131730556488,0.017905899145405527,4,0.34310999839152173,0.0214933365482988,4,0.2669711335882831,0.03357041555105053,4,0.10655256508408503,0.015167786091468486,4,0.11807094363321388,0.015096228485733037,4,0.8882081359624863,0.0928914395638042,4,0.25,0.5,4,0.8335369676351547,0.06874715898442706,4,3747661.0,0.0,4,3747661.0,0.0,4
random_all_per_seed,all_rows,0.1,0.1,False,False,B2_with_RC,,0.0005,0.0001,0,random,full,1,3063,SKNSH,0.2524988278746605,0.01241262779747078,4,0.33118610084056854,0.015651987466010264,4,0.5183115818347711,0.05400781755557438,4,0.42472009847190817,0.04677769234946517,4,0.24098808045759137,0.07452413370597552,4,0.27083452913189976,0.05888614907966011,4,0.7587641477584839,0.074499818013069,4,0.2669590190052986,0.007603861683113383,4,0.3483195826411247,0.013670048475065703,4,0.2904011828161692,0.1128362457082913,4,0.22667203237619757,0.06886105206631428,4,0.08413618699208084,0.08186593188525339,4,0.09388186074018656,0.07601025478033872,4,0.8387488573789597,0.07025686394937757,4,0.27458544075489044,0.01575343442589487,4,0.36045288294553757,0.017774422830453367,4,0.3313084041193971,0.012643538145303407,4,0.25274943982967435,0.018340388075971166,4,0.0958001787524968,0.015286448167533577,4,0.10988515293276555,0.008349475515350719,4,0.898779883980751,0.0928611285992301,4,0.25,0.5,4,0.8387488573789597,0.07025686394937757,4,3747661.0,0.0,4,3747661.0,0.0,4
random_all_per_seed,all_rows,0.1,0.1,False,False,B2_with_RC,,0.0005,0.0001,2,random,branched_only,1,2297,HepG2,0.2507448121905327,0.03609171135577809,4,0.3288082778453827,0.04688571292013816,4,0.4988288182637431,0.17065900420243657,4,0.426271918255808,0.1897075669024879,4,0.25562803584591015,0.18249212938355283,4,0.27067356171692786,0.19871546124996745,4,0.7440479025244713,0.18241266579563675,4,0.26408591121435165,0.008580258827410061,4,0.34561997652053833,0.014492676805440972,4,0.3184504072805131,0.11659588133011863,4,0.23881421162250838,0.06757614727601673,4,0.09798470565435768,0.08667410228345636,4,0.11160661155448501,0.08213885927579877,4,0.8154050558805466,0.08376397951564343,4,0.27576177567243576,0.018836968459410054,4,0.3603570982813835,0.02249268122055814,4,0.3255691586895318,0.029818496108817674,4,0.2530817194510787,0.025753545675466817,4,0.09708543322393703,0.028035049289586708,4,0.1066621341224532,0.019358138262530394,4,0.8872579038143158,0.114972841071587,4,48.0,78.85429601486528,4,0.8154050558805466,0.08376397951564343,4,179761.0,0.0,4,179761.0,0.0,4
random_all_per_seed,all_rows,0.1,0.1,False,False,B2_with_RC,,0.0005,0.0001,2,random,branched_only,1,2297,K562,0.2592025026679039,0.023708628277097517,4,0.3397655189037323,0.03191374282755321,4,0.45760373625980566,0.13949692641044925,4,0.3893344711720051,0.14201224715208402,4,0.21096358120688877,0.1258157050758372,4,0.2239957237974055,0.13997606746765895,4,0.7886928766965866,0.1257608699663595,4,0.26387137919664383,0.00755911963245378,4,0.3458788990974426,0.014987749104621018,4,0.3128314150998016,0.12581558292862455,4,0.2295739722439926,0.07860614668018626,4,0.09624114017541494,0.0929194676626674,4,0.10973566495409659,0.08668218889464555,4,0.8166630566120148,0.08520293118680196,4,0.27693646401166916,0.021294371215537126,4,0.3598778247833252,0.025035976535018833,4,0.32201772836985804,0.061003102279370044,4,0.24514873072150248,0.04290820491786131,4,0.09992151667117119,0.033590223689776995,4,0.10648645125026414,0.03666977424709642,4,0.8849901705980301,0.12274023344813924,4,32.0,43.520110293977886,4,0.8166630566120148,0.08520293118680196,4,179761.0,0.0,4,179761.0,0.0,4
random_all_per_seed,all_rows,0.1,0.1,False,False,B2_with_RC,,0.0005,0.0001,2,random,branched_only,1,2297,SKNSH,0.2622675374150276,0.009654542026136402,4,0.3436623737215996,0.01284945098767915,4,0.447088803247589,0.05358039814819453,4,0.37251128916324616,0.054117584247334594,4,0.19548094560325055,0.04559612695356264,4,0.20204154228865062,0.04895743173959316,4,0.8041688203811646,0.04557621637729761,4,0.2641966789960861,0.008018929117285217,4,0.34582165628671646,0.01417661674872191,4,0.31242936999364007,0.10745176117304367,4,0.23063940328670826,0.05153698358723788,4,0.09704444612882693,0.0845221581312377,4,0.10627152196901445,0.07546302013992082,4,0.8163476139307022,0.0831244096255733,4,0.2737753465771675,0.016800390941694637,4,0.35733136534690857,0.01997383793987302,4,0.34258384627256155,0.020424232456539952,4,0.25162692585853325,0.025431705622207507,4,0.11188614245750692,0.01203368979058655,4,0.11767655368048119,0.013723217057146067,4,0.8713730722665787,0.097027978318413,4,23.75,19.972898304118676,4,0.8163476139307022,0.0831244096255733,4,179761.0,0.0,4,179761.0,0.0,4
random_all_per_seed,all_rows,0.1,0.1,False,False,B2_with_RC,,0.0005,0.0001,2,random,branched_only,1,3063,HepG2,0.2570490464568138,0.013684329212629597,4,0.3350199684500694,0.01831641719022679,4,0.47540009271352135,0.0803482028465084,4,0.38866759844903337,0.08933023668877414,4,0.22350871665289337,0.07943283510046034,4,0.23084712342752245,0.08269590148361307,4,0.7762377560138702,0.07940693220481668,4,0.2639344111084938,0.008626920474242801,4,0.34509744495153427,0.014846049380570483,4,0.3189816707060917,0.11953212668663743,4,0.23726032401250655,0.06533564255874376,4,0.10030283262094775,0.0923419782363109,4,0.11246525322912226,0.08475548399495382,4,0.8235217332839966,0.0750489647297532,4,0.2731420323252678,0.018276089459220022,4,0.3564213067293167,0.021449200069272947,4,0.35120034205854406,0.03076684339308715,4,0.2510783491878608,0.027441140191571217,4,0.1165853445854736,0.02254240603671042,4,0.1240516292513194,0.022222978750284342,4,0.8796628266572952,0.10988354534085205,4,32.25,30.576407026769292,4,0.8235217332839966,0.0750489647297532,4,179761.0,0.0,4,179761.0,0.0,4
random_all_per_seed,all_rows,0.1,0.1,False,False,B2_with_RC,,0.0005,0.0001,2,random,branched_only,1,3063,K562,0.26283683627843857,0.009854678960628761,4,0.3427583649754524,0.014076070700011094,4,0.43810659905956484,0.080261403898409,4,0.3572861393017916,0.0718421001220389,4,0.18786899853223546,0.06486682293292037,4,0.19676881185634593,0.06796866791716859,4,0.8118658661842346,0.06484568396394685,4,0.2636650279164314,0.009209117268990565,4,0.3450464904308319,0.015196301488987346,4,0.3160395977163893,0.12744663584684068,4,0.22977449226482727,0.08531566735476066,4,0.10043999570228401,0.0946478516262614,4,0.11206301106624508,0.08981514975128632,4,0.8233354538679123,0.07668182049607732,4,0.27485472708940506,0.02070367978501451,4,0.35832182317972183,0.02386426546284969,4,0.3341144223038997,0.05318923656368008,4,0.24479603181290527,0.03794673195341526,4,0.10750702603988402,0.029607149596116617,4,0.11375426835613899,0.033743327869890004,4,0.8896018713712692,0.12306556347269691,4,25.25,20.966242709015205,4,0.8233354538679123,0.07668182049607732,4,179761.0,0.0,4,179761.0,0.0,4
random_all_per_seed,all_rows,0.1,0.1,False,False,B2_with_RC,,0.0005,0.0001,2,random,branched_only,1,3063,SKNSH,0.25889311730861664,0.010320632695809982,4,0.3378209248185158,0.014164487700788861,4,0.46529988820770757,0.06861470454561716,4,0.38654240659565126,0.07990291441162176,4,0.21113904375182124,0.06181147964087801,4,0.22003496922601692,0.06665129853913684,4,0.7886034250259399,0.061791341328215434,4,0.26342517882585526,0.00749220954238384,4,0.3451390862464905,0.0144267714650617,4,0.31721193678411236,0.11518513624579561,4,0.24273352165913442,0.05679601087556485,4,0.1004139051506695,0.08729140047864349,4,0.11057412454729956,0.08140131983625815,4,0.823640987277031,0.07306347359727591,4,0.2713148295879364,0.01742722428444822,4,0.35513364523649216,0.021072751702288398,4,0.3555971833903173,0.023530626442298072,4,0.25384629201966974,0.031167727265164154,4,0.1229828924481445,0.016477152455534525,4,0.12686462462070222,0.016800737483350914,4,0.8732344657182693,0.10774600728068677,4,33.25,25.708299567779015,4,0.823640987277031,0.07306347359727591,4,179761.0,0.0,4,179761.0,0.0,4
random_all_per_seed,all_rows,0.1,0.1,False,False,B2_with_RC,,0.0005,0.0001,2,random,conv3_plus,1,2297,HepG2,0.25689075142145157,0.017407353670449557,4,0.33758120238780975,0.021946931449716114,4,0.4721150047660967,0.1162198781680659,4,0.3836314948437473,0.1023427486331229,4,0.2217769995783886,0.09689274780394014,4,0.23302287278634157,0.10381895934597694,4,0.777884230017662,0.09685053812188311,4,0.26460056006908417,0.007283576607561811,4,0.3467055857181549,0.01459037304046241,4,0.30352836055353094,0.12583753854595034,4,0.2175650694198173,0.0624787609113942,4,0.09178419747524863,0.09411542356538964,4,0.10400578024079195,0.08311935013450204,4,0.8205494731664658,0.08435544983151647,4,0.27337048947811127,0.018546819777502575,4,0.3576648607850075,0.02375410937469419,4,0.33627730808951606,0.05545990769758935,4,0.24716503550688598,0.031674284432603325,4,0.11063061976674171,0.03370650184130943,4,0.11538927895730014,0.034949579565822377,4,0.8736148774623871,0.1141316059073191,4,2.75,2.0615528128088303,4,0.8205494731664658,0.08435544983151647,4,179761.0,0.0,4,3063361.0,0.0,4
random_all_per_seed,all_rows,0.1,0.1,False,False,B2_with_RC,,0.0005,0.0001,2,random,conv3_plus,1,2297,K562,0.2645498514175415,0.011025853832285886,4,0.34732840955257416,0.014109520098691299,4,0.42237557968426653,0.0783792773004364,4,0.3365030491124114,0.058201275133874714,4,0.1775587896867575,0.06270241842172321,4,0.1830086136462242,0.06522318660354014,4,0.8220831900835037,0.06267506363590139,4,0.2639048099517822,0.008262982423089557,4,0.34655559062957764,0.016030713919917918,4,0.304963692489038,0.1236814628302188,4,0.21437277433450577,0.07151624341740627,4,0.09266175523832679,0.0954476578031734,4,0.1044756819224156,0.08571129323681655,4,0.8201735317707062,0.09124189220035965,4,0.27544886618852615,0.02106553916102337,4,0.35875149071216583,0.024546479314108506,4,0.32595299746520534,0.061736931278244284,4,0.24244419926481003,0.03872732283764223,4,0.10536037464705786,0.03534211308944245,4,0.10910394306929316,0.03690162612154149,4,0.8791021108627319,0.11826004636711175,4,2.0,1.632993161855452,4,0.8201735317707062,0.09124189220035965,4,179761.0,0.0,4,3063361.0,0.0,4
random_all_per_seed,all_rows,0.1,0.1,False,False,B2_with_RC,,0.0005,0.0001,2,random,conv3_plus,1,2297,SKNSH,0.2638220116496086,0.012724730955732146,4,0.3456571102142334,0.017572670454451253,4,0.4328680031909472,0.09107690219920944,4,0.3516920171931734,0.0667344581323913,4,0.18539956811462924,0.07296584417530376,4,0.19359595977217114,0.0741394552472728,4,0.814245730638504,0.07293399646921851,4,0.2658180519938469,0.008273536748848736,4,0.3474927619099617,0.01453427810983591,4,0.29066688732026263,0.13627901414288182,4,0.21168662665905025,0.07876515537280462,4,0.08769288644814033,0.09380035777414283,4,0.0984162166562671,0.08600598346684916,4,0.8243370354175568,0.08531016994308921,4,0.27445175498723984,0.018709682421237828,4,0.3586938679218292,0.023315133236283946,4,0.33354775052379787,0.04405035310643065,4,0.2548374062259297,0.024947573191848205,4,0.1055686591121009,0.0273210767549627,4,0.11270942708608661,0.027540491439172327,4,0.878583088517189,0.11224341819790258,4,2.25,1.707825127659933,4,0.8243370354175568,0.08531016994308921,4,179761.0,0.0,4,3063361.0,0.0,4
random_all_per_seed,all_rows,0.1,0.1,False,False,B2_with_RC,,0.0005,0.0001,2,random,conv3_plus,1,3063,HepG2,0.25998183339834213,0.008215602817187107,4,0.3395722433924675,0.0110638549595337,4,0.45507085334977104,0.06331264851223065,4,0.354929251092437,0.04488426352100154,4,0.2031687236899154,0.05219156373894872,4,0.21009585016471377,0.05392841478418159,4,0.7965710759162903,0.05217451942566619,4,0.2640267536044121,0.007161876725248785,4,0.3460833504796028,0.014867186815585185,4,0.3164213777242958,0.11812463763637226,4,0.22875649046202906,0.06773200084689805,4,0.09537853359055015,0.08994831026959677,4,0.11058756079348467,0.08361492724305662,4,0.8282224386930466,0.07536935454396064,4,0.27262677252292633,0.0186257043939409,4,0.3571971133351326,0.022694473628669193,4,0.3434575381025873,0.03498354808132972,4,0.25527837204253634,0.02928869321111962,4,0.11300413842190357,0.022341265593184587,4,0.1188809669567592,0.023297223710140952,4,0.8837662190198898,0.11658478713423928,4,2.5,1.0,4,0.8282224386930466,0.07536935454396064,4,179761.0,0.0,4,3063361.0,0.0,4
random_all_per_seed,all_rows,0.1,0.1,False,False,B2_with_RC,,0.0005,0.0001,2,random,conv3_plus,1,3063,K562,0.26071199029684067,0.010972109343837338,4,0.3409069776535034,0.014331179126757139,4,0.44572689301211116,0.0850162653394914,4,0.34773718907064194,0.06596768941115234,4,0.196272613407154,0.07057907011709953,4,0.20409328718343606,0.07272696679035176,4,0.8034649789333344,0.07055606018656815,4,0.26301538944244385,0.007902162337121156,4,0.3456883952021599,0.014995623041775081,4,0.30951092601710106,0.12175945284715746,4,0.2238496756351105,0.07691550968873775,4,0.09726921068041561,0.09220804623431016,4,0.10691603659219279,0.08434545453088849,4,0.826366737484932,0.07590029365977964,4,0.274396151304245,0.020868008862458466,4,0.35813088715076447,0.023866580719429393,4,0.33402426360079474,0.050480447680339886,4,0.24746358594921808,0.03992369211377184,4,0.1084682314478996,0.02932092254907857,4,0.11348341537255884,0.03133519154982236,4,0.8886564373970032,0.12302136167775468,4,2.25,1.707825127659933,4,0.826366737484932,0.07590029365977964,4,179761.0,0.0,4,3063361.0,0.0,4
random_all_per_seed,all_rows,0.1,0.1,False,False,B2_with_RC,,0.0005,0.0001,2,random,conv3_plus,1,3063,SKNSH,0.2578076124191284,0.015372043078456481,4,0.33735060691833496,0.020321594127259188,4,0.4585371525653605,0.10912726980933309,4,0.36110076721523865,0.07984971951296418,4,0.21191827020906132,0.09656743344503572,4,0.21918789104477793,0.0953771335572065,4,0.7878244519233704,0.09653589704543696,4,0.2649000957608223,0.007190313392635969,4,0.347421370446682,0.014145294985113332,4,0.29733045876412073,0.1319650311655162,4,0.21905394958490426,0.07540108158827337,4,0.08807501689775152,0.09300230290566891,4,0.10146647879676923,0.0834213958874247,4,0.8345309942960739,0.07232449369778983,4,0.27369649708271027,0.01974524802756939,4,0.35856960713863373,0.023427176854540092,4,0.334511043101941,0.04589485389063758,4,0.25808992479174797,0.03510340241590528,4,0.10618928766892838,0.028457590782731777,4,0.11347739116738087,0.02905566223710413,4,0.8907135277986526,0.1209372355858746,4,2.5,1.9148542155126764,4,0.8345309942960739,0.07232449369778983,4,179761.0,0.0,4,3063361.0,0.0,4
random_all_per_seed,all_rows,0.1,0.1,False,False,B2_with_RC,,0.0005,0.0001,2,random,full,1,2297,HepG2,0.24913664162158966,0.02351271003446265,4,0.3292579799890518,0.028308035698096232,4,0.5060518887345771,0.13673651136888712,4,0.41054254457950035,0.10870675405922829,4,0.2580073889225596,0.12396215244927317,4,0.2701111692478332,0.12705176828076026,4,0.7416695654392242,0.1239081744096586,4,0.2648326903581619,0.006768990148996214,4,0.34748461097478867,0.012864514125071122,4,0.30053846623541275,0.11957688262234527,4,0.21915919553333343,0.06487742076356275,4,0.08817184439271492,0.08527538256069706,4,0.10104734283039293,0.07684726704464631,4,0.823892205953598,0.07687264963142539,4,0.27465227991342545,0.01705393315206445,4,0.35815347731113434,0.023136069194086516,4,0.34018726279211464,0.06210282208603659,4,0.253323585123357,0.03854846043594046,4,0.1078150399369214,0.04047558377767873,4,0.11861994414927869,0.04073139957749097,4,0.8757980316877365,0.11110589932996161,4,1.75,1.2583057392117916,4,0.823892205953598,0.07687264963142539,4,179761.0,0.0,4,3747661.0,0.0,4
random_all_per_seed,all_rows,0.1,0.1,False,False,B2_with_RC,,0.0005,0.0001,2,random,full,1,2297,K562,0.25665150955319405,0.015770233114036497,4,0.3379872962832451,0.0205599556568628,4,0.47400159836378924,0.10198841507435792,4,0.3807650533703951,0.07365744706753835,4,0.22093275773052787,0.08282360376804813,4,0.2324787428584616,0.08659737660865735,4,0.7787280678749084,0.08278750676271888,4,0.26433148980140686,0.0072341780858029125,4,0.34710849821567535,0.013534335220534561,4,0.30940920900928576,0.11260878247971659,4,0.21648416706788476,0.07435709901051774,4,0.09034861933478311,0.08351789614449637,4,0.10524461203842497,0.0751057569112767,4,0.8221950829029083,0.07929198545050119,4,0.2747337371110916,0.021591540716390897,4,0.3574566915631294,0.02520880202594651,4,0.3328972477021167,0.06901505739780807,4,0.24570687970722374,0.040213600501857634,4,0.11179984703301774,0.04094170589064433,4,0.11439288613836152,0.04282400657145794,4,0.8728977888822556,0.12092806645802986,4,1.5,1.0,4,0.8221950829029083,0.07929198545050119,4,179761.0,0.0,4,3747661.0,0.0,4
random_all_per_seed,all_rows,0.1,0.1,False,False,B2_with_RC,,0.0005,0.0001,2,random,full,1,2297,SKNSH,0.2496856153011322,0.023384893381028227,4,0.3296866938471794,0.028743734748709327,4,0.5080459890710455,0.14106998896468073,4,0.4227125413397942,0.11811548843607693,4,0.25602141524541666,0.12593942684210158,4,0.27303628335104824,0.13021806814548417,4,0.7436546683311462,0.12588450484193558,4,0.26600995659828186,0.006675707049566163,4,0.3483642637729645,0.012916436595409038,4,0.2864087233941023,0.12697950343872297,4,0.21444291090228637,0.08062576323674928,4,0.08359184987975651,0.08504096198634542,4,0.09412280255639788,0.0769160360338713,4,0.8281428217887878,0.07834996685423966,4,0.2743743807077408,0.017672867548450766,4,0.35827546566724777,0.022547304549150535,4,0.3379712245863901,0.05219199716070163,4,0.2565419495283114,0.02287461104803627,4,0.10717651340153739,0.03722816479509896,4,0.11626755207414116,0.03415604955512318,4,0.8761932998895645,0.10755854486230922,4,1.75,1.2583057392117916,4,0.8281428217887878,0.07834996685423966,4,179761.0,0.0,4,3747661.0,0.0,4
random_all_per_seed,all_rows,0.1,0.1,False,False,B2_with_RC,,0.0005,0.0001,2,random,full,1,3063,HepG2,0.25342344492673874,0.012406088698207146,4,0.3321925029158592,0.015743756907225955,4,0.4925787677413796,0.08782787116383736,4,0.38609251438453573,0.06588767266873771,4,0.23671748033234646,0.07405626142550387,4,0.2484191436444947,0.07899789617932314,4,0.7630333006381989,0.07403205111159279,4,0.26315052807331085,0.00749957492481496,4,0.3455462083220482,0.014835411456529562,4,0.31976359985138764,0.11777124236372476,4,0.2363624386744908,0.07319853465040448,4,0.09806534838370726,0.09125892125838025,4,0.11265130893583974,0.08318771883067008,4,0.8256509602069855,0.07509070537700313,4,0.27171003073453903,0.01822581129946528,4,0.35483915358781815,0.02373311495064462,4,0.35535657128474857,0.04839671037707674,4,0.26766674061631124,0.03212629437610199,4,0.12461005616437063,0.0351943235680962,4,0.12803497393674457,0.034207369194577786,4,0.8723917454481125,0.12131535453127076,4,1.75,0.5,4,0.8256509602069855,0.07509070537700313,4,179761.0,0.0,4,3747661.0,0.0,4
random_all_per_seed,all_rows,0.1,0.1,False,False,B2_with_RC,,0.0005,0.0001,2,random,full,1,3063,K562,0.2551419772207737,0.013078533525161296,4,0.3345121666789055,0.01696169462976655,4,0.4845448417814173,0.10221252826346094,4,0.38026370788713826,0.07726784388720805,4,0.22581295627909415,0.08075676834631078,4,0.24261925439748533,0.08885315651284328,4,0.7739342600107193,0.08073043191830094,4,0.262781023979187,0.007800914141212783,4,0.34500766545534134,0.014575447941506742,4,0.3165216568991143,0.12295033703334328,4,0.22674226281456256,0.07951438631675684,4,0.10072844985127877,0.09236072126921736,4,0.11152354831862016,0.08619177066733767,4,0.8230506479740143,0.0737521416686011,4,0.27353937178850174,0.02122985790085368,4,0.3561272472143173,0.025041332850727297,4,0.3456673675855458,0.05967430055231253,4,0.25066177265181855,0.040345510434290265,4,0.11851954700399472,0.036725037741656995,4,0.12215669562332662,0.03843834383196231,4,0.8790727406740189,0.12843730740993836,4,1.5,1.0,4,0.8230506479740143,0.0737521416686011,4,179761.0,0.0,4,3747661.0,0.0,4
random_all_per_seed,all_rows,0.1,0.1,False,False,B2_with_RC,,0.0005,0.0001,2,random,full,1,3063,SKNSH,0.25616554915905,0.013553771626607447,4,0.33588385581970215,0.01771268379188078,4,0.4788601390989843,0.10871620257507546,4,0.3799699692229459,0.078581990614365,4,0.21935466005625376,0.08428880061134418,4,0.2381714423446572,0.09266996723215287,4,0.7803904563188553,0.08426128814216798,4,0.26522698253393173,0.006447064253066756,4,0.34767070412635803,0.012878278345056188,4,0.29368248860666124,0.12903385768507983,4,0.21645983052913473,0.07630042558578462,4,0.08703519427657844,0.08749797759635902,4,0.09873670643602178,0.0808971892820503,4,0.8355136811733246,0.06631604688945976,4,0.2719849944114685,0.02008869747090843,4,0.3557142913341522,0.02466642457827113,4,0.3491180038732295,0.059579454578258174,4,0.27014931296627864,0.03785275858023264,4,0.12037359739306802,0.039264120121894,4,0.12454566418431035,0.04003825059624382,4,0.876914456486702,0.12656099530818007,4,1.5,1.0,4,0.8355136811733246,0.06631604688945976,4,179761.0,0.0,4,3747661.0,0.0,4
random_all_per_seed,all_rows,0.1,0.1,False,False,B3_with_RC_weighted_bcap_8,8.0,0.0005,0.0001,0,random,branched_only,1,2297,HepG2,0.2603534869849682,0.016228480177291702,4,0.34144365787506104,0.02145862054918439,4,0.4541586119571612,0.0826557861376814,4,0.37844683291412573,0.0912008957153234,4,0.20507212877955436,0.08131735028924096,4,0.21138402905138387,0.08099246336163143,4,0.794581800699234,0.08128190306880506,4,0.26429466903209686,0.008211136569239766,4,0.34595343470573425,0.015302319979191325,4,0.312247422733792,0.11802356651200699,4,0.23095520962804497,0.061664965180486836,4,0.09618045031828173,0.08919958881999925,4,0.10794562469305603,0.08288820870382231,4,0.8171509057283401,0.08760996390319677,4,0.2738090232014656,0.016865256167652325,4,0.35862795263528824,0.020021186865349008,4,0.3342100563201081,0.017024245966374967,4,0.257698795909882,0.023575063586132476,4,0.10541751440600752,0.012761664863138846,4,0.11191373045853255,0.011395149012925451,4,0.8777370005846024,0.09805355115082867,4,24.75,29.848227194703988,4,0.8171509057283401,0.08760996390319677,4,179761.0,0.0,4,179761.0,0.0,4
random_all_per_seed,all_rows,0.1,0.1,False,False,B3_with_RC_weighted_bcap_8,8.0,0.0005,0.0001,0,random,branched_only,1,2297,K562,0.2633693218231201,0.01723735161735322,4,0.34611817449331284,0.02299549849732792,4,0.4250047527392352,0.097695461452581,4,0.35947015472867483,0.09619674951652142,4,0.1831400626922263,0.08778722558046961,4,0.187787342242263,0.08682735060623371,4,0.8165042996406555,0.08774896983100867,4,0.2630470246076584,0.008060426453509737,4,0.34605877101421356,0.014903498068009275,4,0.3086264912243056,0.12175439412754917,4,0.2275998562789244,0.07727267115303606,4,0.09557126022017587,0.08933951057834613,4,0.1063684104524513,0.0825323354537588,4,0.8175151944160461,0.08523225426904248,4,0.27679139375686646,0.02091999625518677,4,0.36010726541280746,0.0247752745649806,4,0.32123648333111265,0.06007214258012431,4,0.23728500002215586,0.034742210412942245,4,0.09863700176256127,0.03535039427877867,4,0.1058993749585653,0.03606965424581311,4,0.8859593421220779,0.12114120341398421,4,26.25,33.42030321027424,4,0.8175151944160461,0.08523225426904248,4,179761.0,0.0,4,179761.0,0.0,4
random_all_per_seed,all_rows,0.1,0.1,False,False,B3_with_RC_weighted_bcap_8,8.0,0.0005,0.0001,0,random,branched_only,1,2297,SKNSH,0.2598975673317909,0.013907105403038874,4,0.34111154079437256,0.01846427584327429,4,0.45875833004815364,0.08146915832134291,4,0.3902040756469348,0.0835260645916509,4,0.20676954087083743,0.0720950322440134,4,0.2154371232067617,0.07536723305414346,4,0.7928851097822189,0.07206362084676388,4,0.2640371769666672,0.007673120399061953,4,0.34612855315208435,0.014035005603531011,4,0.3128914519367966,0.11259723905382957,4,0.23962473016498984,0.04813185381026843,4,0.09536694728986059,0.08555127090464383,4,0.10740966437702565,0.07769673908562115,4,0.8176839500665665,0.08151680559754872,4,0.27362608164548874,0.01627001691296297,4,0.35873162001371384,0.021904524182367185,4,0.3338069843852901,0.028597207091236268,4,0.2434108095635268,0.03827103687732173,4,0.10520608804564013,0.019922748500173774,4,0.11204045301446561,0.01862885447365407,4,0.8786254972219467,0.10704990388566686,4,35.25,30.793668180325643,4,0.8176839500665665,0.08151680559754872,4,179761.0,0.0,4,179761.0,0.0,4
random_all_per_seed,all_rows,0.1,0.1,False,False,B3_with_RC_weighted_bcap_8,8.0,0.0005,0.0001,0,random,branched_only,1,3063,HepG2,0.2652526944875717,0.009456287133677502,4,0.34641771018505096,0.012758695270797819,4,0.414734115644958,0.06527279164433214,4,0.33135070069921124,0.058811497205167304,4,0.17063157980674154,0.05807194877287336,4,0.17519978967658867,0.057568834637195566,4,0.8290977030992508,0.05805303927298477,4,0.26393935829401016,0.008045253791908532,4,0.344966821372509,0.015347816964274154,4,0.3152053158011368,0.12137153884774769,4,0.23321289183222838,0.07129581639587848,4,0.10099333992416137,0.09315530719676057,4,0.11040267894099713,0.08532272408401123,4,0.8229780197143555,0.07738614481105832,4,0.27388227730989456,0.01689067966592411,4,0.35904400050640106,0.021285272373401696,4,0.33555435555812985,0.02470956835592761,4,0.2530484304618962,0.013884104619812718,4,0.10348359226087187,0.020581974037694902,4,0.11305464761028404,0.016158242929019476,4,0.8925299495458603,0.11028230959382483,4,17.5,22.173557826083453,4,0.8229780197143555,0.07738614481105832,4,179761.0,0.0,4,179761.0,0.0,4
random_all_per_seed,all_rows,0.1,0.1,False,False,B3_with_RC_weighted_bcap_8,8.0,0.0005,0.0001,0,random,branched_only,1,3063,K562,0.26175007596611977,0.011598276071256545,4,0.342422716319561,0.0154264924507343,4,0.43555679686605353,0.08807418188361119,4,0.35804311709681536,0.08418979089768187,4,0.18915212415795335,0.07248363234284294,4,0.19552751943206717,0.0767656726858897,4,0.8105831742286682,0.07245998084824862,4,0.2640206143260002,0.008203820211107925,4,0.34563424438238144,0.015625993251475588,4,0.31024352597360305,0.12383847387181247,4,0.2202035834273962,0.06611034930584639,4,0.09754331558306792,0.09370579446813476,4,0.10775302111670838,0.08523678887625769,4,0.8261986821889877,0.07887315937016627,4,0.2759770601987839,0.01923337373780206,4,0.35930800437927246,0.022213739922022677,4,0.32454633173949654,0.049747568349975735,4,0.23493781662477023,0.027484995777037374,4,0.10206418918941748,0.03314750972931151,4,0.10718643686311495,0.03132334934591308,4,0.8940100967884064,0.11534824405388056,4,29.0,30.298514815086232,4,0.8261986821889877,0.07887315937016627,4,179761.0,0.0,4,179761.0,0.0,4
random_all_per_seed,all_rows,0.1,0.1,False,False,B3_with_RC_weighted_bcap_8,8.0,0.0005,0.0001,0,random,branched_only,1,3063,SKNSH,0.2550624832510948,0.02068542008471711,4,0.33397452533245087,0.02642912590166761,4,0.47684256851972073,0.11606055142108458,4,0.4055394727389958,0.1333450829632851,4,0.2265516175052357,0.11469457630576116,4,0.23748137384960924,0.12194075378132631,4,0.7731958627700806,0.11465716829224204,4,0.2630854994058609,0.008032419060400758,4,0.3449179083108902,0.014677049161604814,4,0.3204444914702598,0.11407629200028792,4,0.2421075604826381,0.06293590688351577,4,0.10165988519038024,0.08658269591409305,4,0.11244472241103462,0.07948124111879229,4,0.822611004114151,0.07414901289539108,4,0.27410938590765,0.016888369205694552,4,0.35888325423002243,0.02125976836977658,4,0.3405667065212779,0.0263511363646566,4,0.24500467146854077,0.027156083824118705,4,0.10419083873453286,0.027059041536117823,4,0.11650646838153178,0.018343343732131413,4,0.8918006867170334,0.10954115334230483,4,51.0,63.387695966961914,4,0.822611004114151,0.07414901289539108,4,179761.0,0.0,4,179761.0,0.0,4
random_all_per_seed,all_rows,0.1,0.1,False,False,B3_with_RC_weighted_bcap_8,8.0,0.0005,0.0001,0,random,conv3_plus,1,2297,HepG2,0.2627362310886383,0.014832309080691662,4,0.34504204243421555,0.019623892303761235,4,0.44390886501804366,0.08023784114462047,4,0.3568878749719121,0.05496209436861388,4,0.1883631354579981,0.07650922329164102,4,0.20188366380526973,0.07336997927552352,4,0.8112835437059402,0.0764758558541651,4,0.26643308997154236,0.009442814213427112,4,0.3482973277568817,0.013788943917454777,4,0.2923597134629455,0.11243309461254368,4,0.20963739858224592,0.058581095589072936,4,0.0845700047831621,0.07770736603299468,4,0.09495510262925048,0.07126314392250968,4,0.827900692820549,0.08118135420236129,4,0.27404868602752686,0.016762279860474058,4,0.35961030423641205,0.021411788499725914,4,0.3268724135199603,0.0271358753005265,4,0.2485256292109695,0.015781148172868055,4,0.10076150660776187,0.016280223430964164,4,0.10739784151660822,0.01746384471939936,4,0.8827779740095139,0.10406166375580052,4,1.25,1.5,4,0.827900692820549,0.08118135420236129,4,3063361.0,0.0,4,3063361.0,0.0,4
random_all_per_seed,all_rows,0.1,0.1,False,False,B3_with_RC_weighted_bcap_8,8.0,0.0005,0.0001,0,random,conv3_plus,1,2297,K562,0.26524612307548523,0.010401151048125064,4,0.3479123041033745,0.013827215768145554,4,0.4255759292702092,0.0629459813050029,4,0.3417640279205622,0.05722858895762041,4,0.17466927759366255,0.06358212963348985,4,0.18408651899603942,0.0558909194801941,4,0.8249714523553848,0.06355445362449588,4,0.2656341418623924,0.008485558083602246,4,0.348179392516613,0.015063672910502104,4,0.29051091350555736,0.12098953922591824,4,0.2119866247074298,0.06907800337974439,4,0.08497999502674547,0.08337332275486169,4,0.09537544231740844,0.08017169100063803,4,0.8276339173316956,0.08738570519231682,4,0.27557460218667984,0.018577791067286333,4,0.3603120222687721,0.0210647936480775,4,0.3290685136236937,0.03543133318146028,4,0.25611390658077193,0.03605665899059023,4,0.09711597848989104,0.01846730941770836,4,0.10922762118676885,0.02212821782981454,4,0.8860571384429932,0.10220059166246338,4,1.0,1.4142135623730951,4,0.8276339173316956,0.08738570519231682,4,3063361.0,0.0,4,3063361.0,0.0,4
random_all_per_seed,all_rows,0.1,0.1,False,False,B3_with_RC_weighted_bcap_8,8.0,0.0005,0.0001,0,random,conv3_plus,1,2297,SKNSH,0.25746770575642586,0.015631501155298988,4,0.33809030801057816,0.020986714914981795,4,0.47561845528897584,0.08315801911315152,4,0.39323399410728727,0.06241498916875008,4,0.22045573801120344,0.08269357068325107,4,0.231399357118589,0.07847984595889071,4,0.7792049050331116,0.08265756180555106,4,0.2666185572743416,0.008690530995390557,4,0.3484698161482811,0.015406406717534524,4,0.29221250183717956,0.12273168898602324,4,0.21217344818335132,0.06887704788620455,4,0.08322133815999766,0.08712050076544518,4,0.09668544684096513,0.07931432392973968,4,0.8292298913002014,0.09073195968881814,4,0.2760573625564575,0.016676898466524533,4,0.36052870005369186,0.021298956226666416,4,0.32710988752315284,0.020637425264657748,4,0.24803545739462968,0.014382279294043092,4,0.09616438159260718,0.013383926572058781,4,0.10732030600657545,0.013139035974909974,4,0.8873353451490402,0.10466806101503205,4,1.75,1.5,4,0.8292298913002014,0.09073195968881814,4,3063361.0,0.0,4,3063361.0,0.0,4
random_all_per_seed,all_rows,0.1,0.1,False,False,B3_with_RC_weighted_bcap_8,8.0,0.0005,0.0001,0,random,conv3_plus,1,3063,HepG2,0.2593109607696533,0.007711606228482696,4,0.3391715958714485,0.010308346684311312,4,0.4581843653843501,0.05064816252996015,4,0.3570096923495157,0.03515677934919658,4,0.20509252326924718,0.0490169421966837,4,0.21185683995840557,0.04503061802955096,4,0.7946479767560959,0.049000926640615415,4,0.264511838555336,0.00827133405983764,4,0.3468673825263977,0.014866029955305258,4,0.30935711519112585,0.11177073568106938,4,0.22241875767291328,0.06244413677852247,4,0.0916684248588342,0.08505662131645342,4,0.1050713477353911,0.07619078125754626,4,0.8319560140371323,0.07547600271981227,4,0.27319273352622986,0.0174959637874015,4,0.35771314054727554,0.02228041794917979,4,0.3390732545355122,0.03208180086091523,4,0.25237357682686523,0.03421095363890507,4,0.11033248082904829,0.022535564836737305,4,0.11574260340116378,0.021243214214433075,4,0.8862115889787674,0.11465998457502603,4,1.25,0.9574271077563382,4,0.8319560140371323,0.07547600271981227,4,3063361.0,0.0,4,3063361.0,0.0,4
random_all_per_seed,all_rows,0.1,0.1,False,False,B3_with_RC_weighted_bcap_8,8.0,0.0005,0.0001,0,random,conv3_plus,1,3063,K562,0.25720834732055664,0.007990368628921794,4,0.3365205079317093,0.010612909643037663,4,0.47006848924954664,0.05241376052662138,4,0.3647122838999154,0.04106004228855189,4,0.2174685322629307,0.049494790145808466,4,0.22302478630475764,0.046867943780611585,4,0.7822759747505188,0.049478682363497666,4,0.26413632929325104,0.007803760997025476,4,0.347214937210083,0.015170376718712969,4,0.3113224669001682,0.11148155602747697,4,0.21912659892587988,0.06599371292893423,4,0.08955985339235845,0.08962989405121653,4,0.10624278139753694,0.07672312514023182,4,0.833686888217926,0.07706616290339866,4,0.27546700090169907,0.01717267870289558,4,0.35818784683942795,0.020589766074061072,4,0.3392331697145443,0.02733052655875943,4,0.2440766331063636,0.029807597473144577,4,0.10764255049111277,0.019237206704445186,4,0.11563936169606112,0.018481582787440953,4,0.8881445825099945,0.10638963756890782,4,1.5,1.0,4,0.833686888217926,0.07706616290339866,4,3063361.0,0.0,4,3063361.0,0.0,4
random_all_per_seed,all_rows,0.1,0.1,False,False,B3_with_RC_weighted_bcap_8,8.0,0.0005,0.0001,0,random,conv3_plus,1,3063,SKNSH,0.26209964603185654,0.010169208488522907,4,0.34283900260925293,0.013670335993579108,4,0.440188982393893,0.06891738552650485,4,0.3493719595645993,0.04737049714279577,4,0.18735866137634097,0.0656858487513283,4,0.19732854474182768,0.06098221321168546,4,0.812376081943512,0.06566446154125904,4,0.26579252630472183,0.008390682959554044,4,0.3476581275463104,0.014026201987274034,4,0.29406882773514653,0.11878973830561694,4,0.21634760204635875,0.0707167929165188,4,0.08742880754145427,0.0849023565779915,4,0.097059726890561,0.07744990361936485,4,0.8356250524520874,0.07173513985228368,4,0.27531492710113525,0.016927555900539487,4,0.36088860780000687,0.020416502075376312,4,0.3217767760678686,0.023820508999854075,4,0.25107064331065254,0.03219376090474513,4,0.09417769426499153,0.012144536113758733,4,0.10396585610339033,0.015274258881332261,4,0.9015397876501083,0.1060740762097634,4,1.0,1.1547005383792515,4,0.8356250524520874,0.07173513985228368,4,3063361.0,0.0,4,3063361.0,0.0,4
random_all_per_seed,all_rows,0.1,0.1,False,False,B3_with_RC_weighted_bcap_8,8.0,0.0005,0.0001,0,random,full,1,2297,HepG2,0.24898364022374153,0.023833911573802016,4,0.32994165271520615,0.02509044604752525,4,0.5353322953078671,0.0905526770695379,4,0.4467409306555863,0.0970055387149481,4,0.2544560183104426,0.1150979412581573,4,0.2927305068929344,0.10506756930843383,4,0.7452193945646286,0.11504782717260394,4,0.2671254724264145,0.00849336906175493,4,0.349428229033947,0.012652083707823803,4,0.292321028085708,0.09533626089379127,4,0.21127029729354477,0.05180460646274991,4,0.07933444810573528,0.0634107699656541,4,0.09226833544199205,0.060156916388336576,4,0.8331359475851059,0.07730314409512909,4,0.27630379796028137,0.014456583423326239,4,0.36095449328422546,0.01947359183341396,4,0.3286225747680618,0.024390215962420435,4,0.2519259788429394,0.02483860097069756,4,0.09354419367505434,0.020152388056073032,4,0.10843895862321047,0.01610347879821713,4,0.8892584443092346,0.09884202829832904,4,0.5,1.0,4,0.8331359475851059,0.07730314409512909,4,3747661.0,0.0,4,3747661.0,0.0,4
random_all_per_seed,all_rows,0.1,0.1,False,False,B3_with_RC_weighted_bcap_8,8.0,0.0005,0.0001,0,random,full,1,2297,K562,0.24624183401465416,0.02130386772426574,4,0.32639120519161224,0.02456708183554668,4,0.5394941961156937,0.07921336291542132,4,0.4427117585105832,0.08435489958506798,4,0.27161800896883065,0.10537326763392793,4,0.29576005529079635,0.0877941283983652,4,0.7280648946762085,0.10532737947913652,4,0.2652776911854744,0.007959029389891317,4,0.34789782017469406,0.013395865791891068,4,0.3009683224415507,0.10616781586865827,4,0.215136945884432,0.06458749753856156,4,0.08694557750832094,0.07233853658721771,4,0.0990356349580222,0.06934449669799189,4,0.8259543776512146,0.07960667643964246,4,0.27625739574432373,0.017319979803388032,4,0.3605002388358116,0.01988558510232123,4,0.3367106541392375,0.02984093821972784,4,0.26270862899983705,0.033893372271381596,4,0.09595104464324719,0.016818775342577155,4,0.11404192580624842,0.01973110753763268,4,0.8868947476148605,0.09830622373366543,4,0.75,0.9574271077563381,4,0.8259543776512146,0.07960667643964246,4,3747661.0,0.0,4,3747661.0,0.0,4
random_all_per_seed,all_rows,0.1,0.1,False,False,B3_with_RC_weighted_bcap_8,8.0,0.0005,0.0001,0,random,full,1,2297,SKNSH,0.2588841915130615,0.00844748693106395,4,0.340713232755661,0.009918031569626274,4,0.4967486342996888,0.03369202837648389,4,0.42486691724966624,0.03220920182251883,4,0.20848682505375066,0.05260202705517329,4,0.24761057026069733,0.03454081514702238,4,0.7911686599254608,0.05257914753570484,4,0.268463134765625,0.007874184536889164,4,0.35039306432008743,0.014032870597093813,4,0.2752402563029718,0.0992156364313267,4,0.2196488377599837,0.06475149951283421,4,0.0741784464609829,0.06815925926126279,4,0.0831400055740805,0.06223649029241337,4,0.8381686061620712,0.08615974865684603,4,0.275331050157547,0.01522926485737493,4,0.36209189146757126,0.01867806133958265,4,0.318723545956601,0.005433897406403012,4,0.2508510222850078,0.02459845639965413,4,0.08781529019877257,0.005932852419161356,4,0.10160684417791704,0.0034632404137209167,4,0.8946625292301178,0.09445855839565122,4,0.25,0.5,4,0.8381686061620712,0.08615974865684603,4,3747661.0,0.0,4,3747661.0,0.0,4
random_all_per_seed,all_rows,0.1,0.1,False,False,B3_with_RC_weighted_bcap_8,8.0,0.0005,0.0001,0,random,full,1,3063,HepG2,0.2519851289689541,0.011832485788835398,4,0.33162524551153183,0.013044801847632464,4,0.5139774919955866,0.048325224954029786,4,0.41051990433621177,0.0430443957845912,4,0.23942098823954117,0.06331860516409525,4,0.2659243578032165,0.05197365244061096,4,0.7603307068347931,0.06329793325951348,4,0.2658693492412567,0.008265731976663714,4,0.34844525158405304,0.012597128681610057,4,0.2984299368284425,0.0936980234828778,4,0.2260510421712964,0.05630730862971189,4,0.08430477144420553,0.06673866975970266,4,0.09564491689887662,0.06152411183385713,4,0.8391129672527313,0.06422410852169592,4,0.27445193380117416,0.016512413539620567,4,0.3595033437013626,0.020432133411585437,4,0.3297187140069057,0.032132942336888154,4,0.25145270521443036,0.03904485810931647,4,0.10104617313665434,0.018947164154020632,4,0.10948882485378703,0.021431106143131682,4,0.8946545422077179,0.10581870248830161,4,0.25,0.5,4,0.8391129672527313,0.06422410852169592,4,3747661.0,0.0,4,3747661.0,0.0,4
random_all_per_seed,all_rows,0.1,0.1,False,False,B3_with_RC_weighted_bcap_8,8.0,0.0005,0.0001,0,random,full,1,3063,K562,0.2528027817606926,0.010721007875238909,4,0.3324376791715622,0.012199400174071725,4,0.5060618798023444,0.04555702354200588,4,0.392804780925159,0.040322068515901074,4,0.2358206501885217,0.059847013524107213,4,0.25765520798458763,0.04815342931763463,4,0.7639298886060715,0.05982751848089839,4,0.2644884064793587,0.008092419894330918,4,0.34730203449726105,0.01380755348664424,4,0.30411582664057224,0.10679096886699113,4,0.2163237759957058,0.0616209379749105,4,0.08961271004450577,0.07994286945072043,4,0.10103966928694161,0.07280960303207172,4,0.8338548690080643,0.07043071862160317,4,0.27368563413619995,0.01562913329023824,4,0.3585970625281334,0.018565611509843875,4,0.3414982351197917,0.02225560952921061,4,0.2658528441895387,0.03361567333337262,4,0.1052134484810596,0.018094281966676083,4,0.11699252870657008,0.015651258177395613,4,0.8897383213043213,0.09627671544352022,4,0.25,0.5,4,0.8338548690080643,0.07043071862160317,4,3747661.0,0.0,4,3747661.0,0.0,4
random_all_per_seed,all_rows,0.1,0.1,False,False,B3_with_RC_weighted_bcap_8,8.0,0.0005,0.0001,0,random,full,1,3063,SKNSH,0.2547035440802574,0.010393644394621829,4,0.3348061814904213,0.012781807637904968,4,0.4996894710377679,0.0445284027759175,4,0.41084064779230206,0.038261792424395966,4,0.2248179710006388,0.06287656275582872,4,0.25117665145633505,0.046437448940299664,4,0.7749289274215698,0.06285608705754461,4,0.26741334795951843,0.00762092208137784,4,0.3490745797753334,0.013473110187243625,4,0.2867057009995011,0.1077173700494977,4,0.22210528323786335,0.06828739986298425,4,0.08059040385528451,0.07533413732038771,4,0.09090243284340063,0.07082031680388019,4,0.842333123087883,0.06928131855696082,4,0.2745843827724457,0.015290484731790583,4,0.36097265034914017,0.017771041315739568,4,0.3297757232127581,0.01023176011659894,4,0.25247440943013155,0.02240782030129458,4,0.09317582749873099,0.016231497901027014,4,0.10883054430681036,0.006775891736268085,4,0.9013742506504059,0.09296423299064774,4,0.25,0.5,4,0.842333123087883,0.06928131855696082,4,3747661.0,0.0,4,3747661.0,0.0,4
random_all_per_seed,all_rows,0.1,0.1,False,False,B3_with_RC_weighted_bcap_8,8.0,0.0005,0.0001,2,random,branched_only,1,2297,HepG2,0.2603534869849682,0.016228480177291702,4,0.34144365787506104,0.02145862054918439,4,0.4541586119571612,0.0826557861376814,4,0.37844683291412573,0.0912008957153234,4,0.20507212877955436,0.08131735028924096,4,0.21138402905138387,0.08099246336163143,4,0.794581800699234,0.08128190306880506,4,0.26429466903209686,0.008211136569239766,4,0.34595343470573425,0.015302319979191325,4,0.312247422733792,0.11802356651200699,4,0.23095520962804497,0.061664965180486836,4,0.09618045031828173,0.08919958881999925,4,0.10794562469305603,0.08288820870382231,4,0.8171509057283401,0.08760996390319677,4,0.2738090232014656,0.016865256167652325,4,0.35862795263528824,0.020021186865349008,4,0.3342100563201081,0.017024245966374967,4,0.257698795909882,0.023575063586132476,4,0.10541751440600752,0.012761664863138846,4,0.11191373045853255,0.011395149012925451,4,0.8777370005846024,0.09805355115082867,4,24.75,29.848227194703988,4,0.8171509057283401,0.08760996390319677,4,179761.0,0.0,4,179761.0,0.0,4
random_all_per_seed,all_rows,0.1,0.1,False,False,B3_with_RC_weighted_bcap_8,8.0,0.0005,0.0001,2,random,branched_only,1,2297,K562,0.2633693218231201,0.01723735161735322,4,0.34611817449331284,0.02299549849732792,4,0.4250047527392352,0.097695461452581,4,0.35947015472867483,0.09619674951652142,4,0.1831400626922263,0.08778722558046961,4,0.187787342242263,0.08682735060623371,4,0.8165042996406555,0.08774896983100867,4,0.2630470246076584,0.008060426453509737,4,0.34605877101421356,0.014903498068009275,4,0.3086264912243056,0.12175439412754917,4,0.2275998562789244,0.07727267115303606,4,0.09557126022017587,0.08933951057834613,4,0.1063684104524513,0.0825323354537588,4,0.8175151944160461,0.08523225426904248,4,0.27679139375686646,0.02091999625518677,4,0.36010726541280746,0.0247752745649806,4,0.32123648333111265,0.06007214258012431,4,0.23728500002215586,0.034742210412942245,4,0.09863700176256127,0.03535039427877867,4,0.1058993749585653,0.03606965424581311,4,0.8859593421220779,0.12114120341398421,4,26.25,33.42030321027424,4,0.8175151944160461,0.08523225426904248,4,179761.0,0.0,4,179761.0,0.0,4
random_all_per_seed,all_rows,0.1,0.1,False,False,B3_with_RC_weighted_bcap_8,8.0,0.0005,0.0001,2,random,branched_only,1,2297,SKNSH,0.2598975673317909,0.013907105403038874,4,0.34111154079437256,0.01846427584327429,4,0.45875833004815364,0.08146915832134291,4,0.3902040756469348,0.0835260645916509,4,0.20676954087083743,0.0720950322440134,4,0.2154371232067617,0.07536723305414346,4,0.7928851097822189,0.07206362084676388,4,0.2640371769666672,0.007673120399061953,4,0.34612855315208435,0.014035005603531011,4,0.3128914519367966,0.11259723905382957,4,0.23962473016498984,0.04813185381026843,4,0.09536694728986059,0.08555127090464383,4,0.10740966437702565,0.07769673908562115,4,0.8176839500665665,0.08151680559754872,4,0.27362608164548874,0.01627001691296297,4,0.35873162001371384,0.021904524182367185,4,0.3338069843852901,0.028597207091236268,4,0.2434108095635268,0.03827103687732173,4,0.10520608804564013,0.019922748500173774,4,0.11204045301446561,0.01862885447365407,4,0.8786254972219467,0.10704990388566686,4,35.25,30.793668180325643,4,0.8176839500665665,0.08151680559754872,4,179761.0,0.0,4,179761.0,0.0,4
random_all_per_seed,all_rows,0.1,0.1,False,False,B3_with_RC_weighted_bcap_8,8.0,0.0005,0.0001,2,random,branched_only,1,3063,HepG2,0.2652526944875717,0.009456287133677502,4,0.34641771018505096,0.012758695270797819,4,0.414734115644958,0.06527279164433214,4,0.33135070069921124,0.058811497205167304,4,0.17063157980674154,0.05807194877287336,4,0.17519978967658867,0.057568834637195566,4,0.8290977030992508,0.05805303927298477,4,0.26393935829401016,0.008045253791908532,4,0.344966821372509,0.015347816964274154,4,0.3152053158011368,0.12137153884774769,4,0.23321289183222838,0.07129581639587848,4,0.10099333992416137,0.09315530719676057,4,0.11040267894099713,0.08532272408401123,4,0.8229780197143555,0.07738614481105832,4,0.27388227730989456,0.01689067966592411,4,0.35904400050640106,0.021285272373401696,4,0.33555435555812985,0.02470956835592761,4,0.2530484304618962,0.013884104619812718,4,0.10348359226087187,0.020581974037694902,4,0.11305464761028404,0.016158242929019476,4,0.8925299495458603,0.11028230959382483,4,17.5,22.173557826083453,4,0.8229780197143555,0.07738614481105832,4,179761.0,0.0,4,179761.0,0.0,4
random_all_per_seed,all_rows,0.1,0.1,False,False,B3_with_RC_weighted_bcap_8,8.0,0.0005,0.0001,2,random,branched_only,1,3063,K562,0.26175007596611977,0.011598276071256545,4,0.342422716319561,0.0154264924507343,4,0.43555679686605353,0.08807418188361119,4,0.35804311709681536,0.08418979089768187,4,0.18915212415795335,0.07248363234284294,4,0.19552751943206717,0.0767656726858897,4,0.8105831742286682,0.07245998084824862,4,0.2640206143260002,0.008203820211107925,4,0.34563424438238144,0.015625993251475588,4,0.31024352597360305,0.12383847387181247,4,0.2202035834273962,0.06611034930584639,4,0.09754331558306792,0.09370579446813476,4,0.10775302111670838,0.08523678887625769,4,0.8261986821889877,0.07887315937016627,4,0.2759770601987839,0.01923337373780206,4,0.35930800437927246,0.022213739922022677,4,0.32454633173949654,0.049747568349975735,4,0.23493781662477023,0.027484995777037374,4,0.10206418918941748,0.03314750972931151,4,0.10718643686311495,0.03132334934591308,4,0.8940100967884064,0.11534824405388056,4,29.0,30.298514815086232,4,0.8261986821889877,0.07887315937016627,4,179761.0,0.0,4,179761.0,0.0,4
random_all_per_seed,all_rows,0.1,0.1,False,False,B3_with_RC_weighted_bcap_8,8.0,0.0005,0.0001,2,random,branched_only,1,3063,SKNSH,0.2550624832510948,0.02068542008471711,4,0.33397452533245087,0.02642912590166761,4,0.47684256851972073,0.11606055142108458,4,0.4055394727389958,0.1333450829632851,4,0.2265516175052357,0.11469457630576116,4,0.23748137384960924,0.12194075378132631,4,0.7731958627700806,0.11465716829224204,4,0.2630854994058609,0.008032419060400758,4,0.3449179083108902,0.014677049161604814,4,0.3204444914702598,0.11407629200028792,4,0.2421075604826381,0.06293590688351577,4,0.10165988519038024,0.08658269591409305,4,0.11244472241103462,0.07948124111879229,4,0.822611004114151,0.07414901289539108,4,0.27410938590765,0.016888369205694552,4,0.35888325423002243,0.02125976836977658,4,0.3405667065212779,0.0263511363646566,4,0.24500467146854077,0.027156083824118705,4,0.10419083873453286,0.027059041536117823,4,0.11650646838153178,0.018343343732131413,4,0.8918006867170334,0.10954115334230483,4,51.0,63.387695966961914,4,0.822611004114151,0.07414901289539108,4,179761.0,0.0,4,179761.0,0.0,4
random_all_per_seed,all_rows,0.1,0.1,False,False,B3_with_RC_weighted_bcap_8,8.0,0.0005,0.0001,2,random,conv3_plus,1,2297,HepG2,0.25805017724633217,0.016697176058016683,4,0.33968470990657806,0.020561499945278224,4,0.46234618403502953,0.1101472431770107,4,0.37740225776289343,0.09944493612464446,4,0.21239209382851387,0.09063643405936979,4,0.22286330527637505,0.09627616391685352,4,0.7872650325298309,0.09059695090807426,4,0.2650473266839981,0.007105029154371591,4,0.3470596820116043,0.0144751884313228,4,0.30218299881078237,0.12495579973776526,4,0.2132493566516315,0.06211407025302311,4,0.09015850308808493,0.09116151788341785,4,0.10302502868635566,0.08092644265789077,4,0.822188526391983,0.0838970060221054,4,0.2736988887190819,0.01799435792724413,4,0.3582729175686836,0.023487388934694358,4,0.33490739076135834,0.05504829355213772,4,0.24545052144777302,0.027787319292042905,4,0.10745028211931582,0.0362222044735158,4,0.1144356963538329,0.034945076226094655,4,0.8764943778514862,0.11300483548836816,4,2.75,2.0615528128088303,4,0.822188526391983,0.0838970060221054,4,179761.0,0.0,4,3063361.0,0.0,4
random_all_per_seed,all_rows,0.1,0.1,False,False,B3_with_RC_weighted_bcap_8,8.0,0.0005,0.0001,2,random,conv3_plus,1,2297,K562,0.26514022052288055,0.010568409836308813,4,0.34841953217983246,0.013558859094056129,4,0.41660905722457586,0.07511940451526808,4,0.33262148534745517,0.05514673755488401,4,0.1725302885849433,0.05911277034788658,4,0.17779530026259632,0.0613193374828255,4,0.8271094560623169,0.05908703589395552,4,0.2638561278581619,0.00874768853974584,4,0.3467833176255226,0.01666164765937844,4,0.30551639439406547,0.12395607615460433,4,0.2137628340674909,0.06776045352320752,4,0.09162372001519392,0.09493923965762838,4,0.1048640988552847,0.08579820273183957,4,0.8213812708854675,0.09418577209682322,4,0.2763877511024475,0.020102948943953553,4,0.35954612493515015,0.024316404245162394,4,0.32350844306666177,0.059799999019929044,4,0.24559806748931984,0.036135763824725144,4,0.10130016686611906,0.0360122207996733,4,0.10733974264750318,0.03552560971494681,4,0.8829185217618942,0.11740071020329701,4,2.0,1.632993161855452,4,0.8213812708854675,0.09418577209682322,4,179761.0,0.0,4,3063361.0,0.0,4
random_all_per_seed,all_rows,0.1,0.1,False,False,B3_with_RC_weighted_bcap_8,8.0,0.0005,0.0001,2,random,conv3_plus,1,2297,SKNSH,0.26348771899938583,0.010570406383766136,4,0.34536654502153397,0.013532436933600449,4,0.43613027498610263,0.07771835504239505,4,0.35256952772458494,0.05690460334924186,4,0.18686089719682925,0.0609131152274374,4,0.19473972379232535,0.06405889407580383,4,0.8127851188182831,0.060886567677558,4,0.266203410923481,0.008964375106176788,4,0.34781746566295624,0.014782667558831238,4,0.30074978250983025,0.11795729510194368,4,0.21241321755695203,0.060288411747525715,4,0.08618721264840823,0.0918432144756126,4,0.10088587428053547,0.08067949929621472,4,0.8259139508008957,0.08644319592820805,4,0.2749617174267769,0.015173523626684792,4,0.3599362447857857,0.01881298319470071,4,0.32670649220844983,0.03562032082742115,4,0.2439803442892711,0.026339208742737485,4,0.09858729541770345,0.017491219531153988,4,0.10768873749303619,0.022539523556487546,4,0.8839457482099533,0.09220067135253485,4,2.5,1.2909944487358056,4,0.8259139508008957,0.08644319592820805,4,179761.0,0.0,4,3063361.0,0.0,4
random_all_per_seed,all_rows,0.1,0.1,False,False,B3_with_RC_weighted_bcap_8,8.0,0.0005,0.0001,2,random,conv3_plus,1,3063,HepG2,0.26249222457408905,0.00736956481272736,4,0.3433268144726753,0.009422712705241471,4,0.43399383594042024,0.05340721128892445,4,0.3378103538518499,0.039015575080266575,4,0.1855647023076501,0.04625380204132035,4,0.19048989729752527,0.04494749907358354,4,0.8141694068908691,0.04623871369120234,4,0.26429129391908646,0.006932949397445762,4,0.34630344063043594,0.01495937005532649,4,0.31286455387008927,0.11484257881388522,4,0.22414726586541017,0.06718987158124791,4,0.09439684858820005,0.0879670581042087,4,0.10777584249979755,0.08057103067101677,4,0.8292862176895142,0.07584610025590491,4,0.27258067578077316,0.018428626335610102,4,0.35748209059238434,0.02306863416592453,4,0.3422317150818086,0.03237414324204474,4,0.25576102951425383,0.025359895062535467,4,0.11158228002529419,0.026390555100015617,4,0.11790861067082856,0.021963258563364483,4,0.8852546811103821,0.11866785181796978,4,2.25,0.9574271077563381,4,0.8292862176895142,0.07584610025590491,4,179761.0,0.0,4,3063361.0,0.0,4
random_all_per_seed,all_rows,0.1,0.1,False,False,B3_with_RC_weighted_bcap_8,8.0,0.0005,0.0001,2,random,conv3_plus,1,3063,K562,0.26074374094605446,0.010709033139798109,4,0.3415271043777466,0.013601374686139608,4,0.4405461126558673,0.08099963816712791,4,0.34550542108211585,0.06403100835874728,4,0.19347495537090537,0.06716299571656378,4,0.19900158341360036,0.06821476720717527,4,0.806261733174324,0.06714108464319524,4,0.26309602707624435,0.008003121832726516,4,0.345635749399662,0.015177915262642493,4,0.3104412352008886,0.12092049292433239,4,0.22443037705608385,0.07153880105750189,4,0.09759593653520471,0.09189942803445149,4,0.10734008471985113,0.08347745561767803,4,0.8261412531137466,0.07674337145592425,4,0.2749214917421341,0.020019474190520713,4,0.358898863196373,0.023370476515511097,4,0.33019622240367813,0.04790006106418462,4,0.2425692869631399,0.03587195655075798,4,0.10450904304782616,0.029067119425600536,4,0.11075035717712374,0.02956590323548026,4,0.8923174291849136,0.12088203499918436,4,2.25,1.707825127659933,4,0.8261412531137466,0.07674337145592425,4,179761.0,0.0,4,3063361.0,0.0,4
random_all_per_seed,all_rows,0.1,0.1,False,False,B3_with_RC_weighted_bcap_8,8.0,0.0005,0.0001,2,random,conv3_plus,1,3063,SKNSH,0.2587742693722248,0.014358984733875526,4,0.33928193897008896,0.018793296604893338,4,0.4506384109592265,0.10318567353542878,4,0.3532806925521218,0.0713933591779764,4,0.20321839534618466,0.08983161010971741,4,0.21106043984907677,0.08818685430383742,4,0.7965214401483536,0.08980230845031098,4,0.2653171941637993,0.007665953855316451,4,0.3479989767074585,0.014528658558483268,4,0.29583569504513124,0.13148899036882183,4,0.21487396292454378,0.07332427310006329,4,0.08523507222389781,0.09145567699022389,4,0.10048577440399498,0.08201213974156402,4,0.8373536318540573,0.0742218536087606,4,0.2743086889386177,0.018831411192197774,4,0.3592275530099869,0.023287688657328366,4,0.3319880966862112,0.046183944439359484,4,0.2571773471734465,0.0281519407039276,4,0.10282182947045504,0.02996646191926806,4,0.11181581388431651,0.029267576670727262,4,0.8939280062913895,0.12051379287776272,4,2.5,1.9148542155126764,4,0.8373536318540573,0.0742218536087606,4,179761.0,0.0,4,3063361.0,0.0,4
random_all_per_seed,all_rows,0.1,0.1,False,False,B3_with_RC_weighted_bcap_8,8.0,0.0005,0.0001,2,random,full,1,2297,HepG2,0.25040701404213905,0.022458657230868463,4,0.3317940831184387,0.026316910609983594,4,0.49444398433411707,0.12958701678422674,4,0.40313299832462374,0.10489882880409332,4,0.2471855067949462,0.11552190712429687,4,0.25706944983347324,0.11767504723055429,4,0.7524867355823517,0.11547158178512087,4,0.2652663141489029,0.0075469079751095325,4,0.3477974757552147,0.013787841483806233,4,0.29953069618368533,0.12168382891695322,4,0.21762552819009998,0.06886909493198685,4,0.08658650431715478,0.08627440230988531,4,0.10082385362120098,0.07773962053260916,4,0.8255302459001541,0.08090467364612972,4,0.27469513565301895,0.01710825824654215,4,0.35847434401512146,0.023483194960827503,4,0.33775913105042954,0.0596378911158837,4,0.25604237484039405,0.0388019344250109,4,0.10626783220889152,0.04133120402448545,4,0.11674873915050374,0.038903209328567584,4,0.8774946480989456,0.11335851080244506,4,1.75,1.2583057392117916,4,0.8255302459001541,0.08090467364612972,4,179761.0,0.0,4,3747661.0,0.0,4
random_all_per_seed,all_rows,0.1,0.1,False,False,B3_with_RC_weighted_bcap_8,8.0,0.0005,0.0001,2,random,full,1,2297,K562,0.2506197430193424,0.02133886635055977,4,0.3317834213376045,0.025409604796637435,4,0.4911146155933246,0.12113907264049628,4,0.3973830762587869,0.09410535646969434,4,0.24749720751438928,0.11116230501716638,4,0.25219957183952857,0.10925017446701211,4,0.7521751672029495,0.11111388850612491,4,0.26441483944654465,0.007314255689472458,4,0.34672660380601883,0.01446007139573301,4,0.3133755135081757,0.11739135465794184,4,0.22078397343445644,0.07552831276745513,4,0.09232446062877542,0.08554051647455463,4,0.10853976007783284,0.07945055180472915,4,0.8205479085445404,0.08313502000095627,4,0.2764122113585472,0.019719038644879644,4,0.3589452803134918,0.02429085279041053,4,0.33444520821412727,0.06813448905285084,4,0.2502250735655185,0.03973162434537541,4,0.10406641990301457,0.042571511443792676,4,0.11533532874626072,0.041867011216405146,4,0.8798724114894867,0.11658760749325045,4,1.75,1.2583057392117916,4,0.8205479085445404,0.08313502000095627,4,179761.0,0.0,4,3747661.0,0.0,4
random_all_per_seed,all_rows,0.1,0.1,False,False,B3_with_RC_weighted_bcap_8,8.0,0.0005,0.0001,2,random,full,1,2297,SKNSH,0.24287720024585724,0.010445753502717208,4,0.32178299129009247,0.010308745471296937,4,0.5572614825219906,0.04121876523209955,4,0.4552055009089465,0.05115438930844428,4,0.29392803596803474,0.049895570527795696,4,0.31181459985805104,0.04761917510974457,4,0.7057646065950394,0.04987385481233105,4,0.26573559641838074,0.007436348987441474,4,0.3482739180326462,0.013355151114617655,4,0.30626223795758173,0.09543333542170601,4,0.21495962068630228,0.06476719215197767,4,0.08454190771349937,0.07893074107541671,4,0.1006271995310703,0.06524626505689499,4,0.8277853578329086,0.08022734277920818,4,0.271866537630558,0.014268936098864836,4,0.355265811085701,0.01748752136380351,4,0.35999419283909645,0.02289686387700968,4,0.26463350519996287,0.015965944645330667,4,0.12146914751616036,0.024274173342706002,4,0.12998901865942428,0.01675784493927149,4,0.8608747869729996,0.08501737020606977,4,2.25,0.5,4,0.8277853578329086,0.08022734277920818,4,179761.0,0.0,4,3747661.0,0.0,4
random_all_per_seed,all_rows,0.1,0.1,False,False,B3_with_RC_weighted_bcap_8,8.0,0.0005,0.0001,2,random,full,1,3063,HepG2,0.2542257755994797,0.012226284000534335,4,0.3339874893426895,0.015155205951244874,4,0.4843344002830652,0.08186204457484555,4,0.38001800071131014,0.06125039461100579,4,0.22856734807241513,0.07140518812933459,4,0.2396058570540369,0.07267260733819186,4,0.7711807936429977,0.07138191963957011,4,0.263685867190361,0.007704381023134142,4,0.3458731770515442,0.014905135756214305,4,0.31907545951496463,0.11615593154490805,4,0.2361626285022746,0.07500360488678705,4,0.0965633794981618,0.08889090208524908,4,0.11192829918948485,0.08171052418561482,4,0.8272134512662888,0.07547716673816045,4,0.2715422287583351,0.018629251135415508,4,0.3553042411804199,0.02437052397831524,4,0.3554406111626016,0.04634207117863792,4,0.26897448701377213,0.031845093624712696,4,0.12236984103057932,0.038274860386936074,4,0.1279487187344882,0.03325875068119294,4,0.8748428225517273,0.12461846056093367,4,1.75,0.5,4,0.8272134512662888,0.07547716673816045,4,179761.0,0.0,4,3747661.0,0.0,4
random_all_per_seed,all_rows,0.1,0.1,False,False,B3_with_RC_weighted_bcap_8,8.0,0.0005,0.0001,2,random,full,1,3063,K562,0.25489118695259094,0.013248520612854033,4,0.3349631503224373,0.016707229836942356,4,0.47856050179719545,0.09904182880197246,4,0.37878148914410303,0.07662590094321635,4,0.2237815058609551,0.07949642975368588,4,0.2363771167697129,0.08529276431742525,4,0.775965079665184,0.07947045630808498,4,0.26314689964056015,0.007896986978772164,4,0.3453352302312851,0.014798890808592337,4,0.31502234240835936,0.12073075924518296,4,0.2259081455468647,0.07334206972035455,4,0.09915689660404431,0.09117434662761695,4,0.11017101338738837,0.08375725516902277,4,0.8246426284313202,0.07487625794749182,4,0.27373380959033966,0.021014578989842186,4,0.3565725013613701,0.025129420814499703,4,0.34399975787931864,0.0583443781626498,4,0.250685254795787,0.04236266605596403,4,0.1163095041025766,0.037413705022767925,4,0.12088888326841957,0.03747519804809016,4,0.881289154291153,0.12901508665135789,4,1.5,1.0,4,0.8246426284313202,0.07487625794749182,4,179761.0,0.0,4,3747661.0,0.0,4
random_all_per_seed,all_rows,0.1,0.1,False,False,B3_with_RC_weighted_bcap_8,8.0,0.0005,0.0001,2,random,full,1,3063,SKNSH,0.25657790899276733,0.013233168822359852,4,0.3372647240757942,0.016975762927318453,4,0.4721134122319849,0.10595398435919465,4,0.3731466030008712,0.0755886631086578,4,0.2130671118224315,0.08106085449154521,4,0.2313107591105194,0.08909522164493047,4,0.7866759449243546,0.08103438245842816,4,0.2656278759241104,0.006603115361092037,4,0.3480846434831619,0.012663669592530671,4,0.2940537377843041,0.12670170753070792,4,0.20724116638081247,0.07375369166374203,4,0.08510882474584211,0.08387819132869122,4,0.09850759272331805,0.07749976946111567,4,0.8374535441398621,0.06526658481852894,4,0.2726284936070442,0.01926314109598487,4,0.3566766232252121,0.024433707728678963,4,0.34612161050167134,0.06070977521553879,4,0.2728840926992566,0.03644070321636162,4,0.11548520563915379,0.040678694804244145,4,0.1225644268613116,0.04101992685480867,4,0.8815753012895584,0.12570373077418387,4,1.5,1.0,4,0.8374535441398621,0.06526658481852894,4,179761.0,0.0,4,3747661.0,0.0,4
