split_strategy,split_pool,split_val_fraction,split_test_fraction,val_is_fixed_across_seeds,test_is_fixed_across_seeds,setting,b_cap,head_lr,backbone_lr,train_sampling_mode,unfreeze_scope,train_threshold,train_size,init_head,train_mae_mean,train_mae_std,train_mae_count,train_rmse_mean,train_rmse_std,train_rmse_count,train_pearson_mean,train_pearson_std,train_pearson_count,train_spearman_mean,train_spearman_std,train_spearman_count,train_r2_mean,train_r2_std,train_r2_count,train_pearson_sq_mean,train_pearson_sq_std,train_pearson_sq_count,train_loss_standardized_mean,train_loss_standardized_std,train_loss_standardized_count,val_mae_mean,val_mae_std,val_mae_count,val_rmse_mean,val_rmse_std,val_rmse_count,val_pearson_mean,val_pearson_std,val_pearson_count,val_spearman_mean,val_spearman_std,val_spearman_count,val_r2_mean,val_r2_std,val_r2_count,val_pearson_sq_mean,val_pearson_sq_std,val_pearson_sq_count,val_loss_standardized_mean,val_loss_standardized_std,val_loss_standardized_count,test_mae_mean,test_mae_std,test_mae_count,test_rmse_mean,test_rmse_std,test_rmse_count,test_pearson_mean,test_pearson_std,test_pearson_count,test_spearman_mean,test_spearman_std,test_spearman_count,test_r2_mean,test_r2_std,test_r2_count,test_pearson_sq_mean,test_pearson_sq_std,test_pearson_sq_count,test_loss_standardized_mean,test_loss_standardized_std,test_loss_standardized_count,best_epoch_mean,best_epoch_std,best_epoch_count,best_val_loss_standardized_mean,best_val_loss_standardized_std,best_val_loss_standardized_count,initial_trainable_params_mean,initial_trainable_params_std,initial_trainable_params_count,final_trainable_params_mean,final_trainable_params_std,final_trainable_params_count
random_all_per_seed,all_rows,0.15,0.15,False,False,B3_with_RC_weighted_bcap_8,8.0,0.0001,2e-05,random,branched_only,1,134,K562,0.26933638751506805,0.03836649957572854,4,0.34674064815044403,0.049332060169317626,4,0.3873231985999801,0.0450681829762365,4,0.35390111302026017,0.04623346796182569,4,0.13017521769222917,0.06714758951729062,4,0.15154261601130425,0.03660178517786325,4,0.8633335828781128,0.06664643998927362,4,0.2838892191648483,0.007865992687106417,4,0.3703145608305931,0.011521209711763295,4,0.3203757084665656,0.043368568683211,4,0.2421368051334356,0.038827877076637006,4,0.08549543106576848,0.03650835731675852,4,0.1040512191376766,0.028138701923901093,4,1.021968424320221,0.2524523155770625,4,0.2763507589697838,0.011610636559446035,4,0.36226025223731995,0.015385446433004773,4,0.27025233359804224,0.02615526395313832,4,0.2306751456136238,0.024900118974871013,4,0.04674902234890002,0.01858002993042046,4,0.07354939718953128,0.013724763372419728,4,0.9675800204277039,0.1827054833533869,4,111.5,106.0895847856895,4,1.021968424320221,0.2524523155770625,4,179761.0,0.0,4,179761.0,0.0,4
random_all_per_seed,all_rows,0.15,0.15,False,False,B3_with_RC_weighted_bcap_8,8.0,0.0001,2e-05,random,branched_only,1,268,K562,0.2585548870265484,0.02240308002278403,4,0.3340575397014618,0.03237195947568192,4,0.43099588092248997,0.06540108882297706,4,0.3671305672388513,0.05413090788348605,4,0.18648617364433434,0.059114824241113695,4,0.18896542618657636,0.05739838269199714,4,0.8104783147573471,0.05889423747136077,4,0.27905501425266266,0.006048048268976187,4,0.3649608790874481,0.01024285416596528,4,0.34637566199088443,0.054989493023739934,4,0.25048760458008984,0.0383937040572368,4,0.11158526772457819,0.03683953188998308,4,0.12224398247687937,0.03742102395512394,4,0.9822556376457214,0.1618722464951818,4,0.2739792689681053,0.011918268273413767,4,0.35793665796518326,0.01626601117990021,4,0.2802088673826789,0.03670998368652318,4,0.22582207017730363,0.03405484012327634,4,0.06942024791600673,0.025877028426088012,4,0.07952772653658233,0.019987336607763882,4,0.9392601847648621,0.11708717850286615,4,115.0,58.89538748209971,4,0.9822556376457214,0.1618722464951818,4,179761.0,0.0,4,179761.0,0.0,4
random_all_per_seed,all_rows,0.15,0.15,False,False,B3_with_RC_weighted_bcap_8,8.0,0.0001,2e-05,random,branched_only,1,536,K562,0.25955475121736526,0.012962176792723596,4,0.3346535861492157,0.017587844772448652,4,0.44905071743119385,0.03942113237068928,4,0.37749688552542104,0.04090999951919975,4,0.19866955522072613,0.038982916973852276,4,0.2028120660835105,0.0367472788471319,4,0.7998355329036713,0.03891018065831055,4,0.27791767567396164,0.005164763034975647,4,0.36239948123693466,0.008585969259448965,4,0.35953779212268805,0.05222675178754525,4,0.25430318100531624,0.0430350853026379,4,0.12388489400621139,0.0358828027078702,4,0.13131314916616565,0.037115826094631744,4,0.9432950615882874,0.10483448678751844,4,0.27349933236837387,0.012073714027675401,4,0.3573422357439995,0.015943025663129287,4,0.2903546007209577,0.03434713074375834,4,0.22663712052188947,0.041474193560187,4,0.07248282104130829,0.02452890462200095,4,0.08519058820257339,0.01971351463139193,4,0.9157697409391403,0.10381681823119009,4,99.25,41.684329589587186,4,0.9432950615882874,0.10483448678751844,4,179761.0,0.0,4,179761.0,0.0,4
random_all_per_seed,all_rows,0.15,0.15,False,False,B3_with_RC_weighted_bcap_8,8.0,0.0001,2e-05,random,branched_only,1,938,K562,0.25735411420464516,0.006503259228170295,4,0.33394137769937515,0.009034012758996665,4,0.4432921619344357,0.027238080698200016,4,0.36349568859372905,0.022805514576261288,4,0.19355450068481644,0.024655079792912045,4,0.19706437561259724,0.024647724094985238,4,0.8055857270956039,0.024628703518986928,4,0.27607421576976776,0.004643892681252357,4,0.36093148589134216,0.007542944121398986,4,0.36886236240174786,0.055720384815556495,4,0.25172109076137816,0.05180945636259281,4,0.13095440357243796,0.033483029776659075,4,0.13838801335959366,0.04043444352468519,4,0.9426277875900269,0.06525789432199638,4,0.2716047167778015,0.011190595766001503,4,0.3559790477156639,0.015572012392783382,4,0.2930234130313942,0.03619913598071376,4,0.2187809451568746,0.040667509749808116,4,0.07948106732868332,0.024605513228898604,4,0.08684550366887966,0.02104570298205433,4,0.9191314727067947,0.11199440576836495,4,100.5,26.00640946638604,4,0.9426277875900269,0.06525789432199638,4,179761.0,0.0,4,179761.0,0.0,4
random_all_per_seed,all_rows,0.15,0.15,False,False,B3_with_RC_weighted_bcap_8,8.0,0.0001,2e-05,random,branched_only,1,1340,K562,0.2608039677143097,0.008764057162709296,4,0.3403049185872078,0.013522000197028733,4,0.4338425335070917,0.028429208737908197,4,0.35825705209477354,0.024828312258068332,4,0.18443875683288574,0.02643622918574239,4,0.18882550881194965,0.02479587399110238,4,0.8149526715278625,0.0264165258474852,4,0.27414460480213165,0.006297764755187294,4,0.35860154032707214,0.008638908014355485,4,0.3833990741541964,0.05924473278601097,4,0.26449211318554045,0.04824861763694265,4,0.14200579836388713,0.0399136745170765,4,0.14962730383445938,0.04448980139683942,4,0.9078593254089355,0.07820219072922834,4,0.2704390808939934,0.009752131901256308,4,0.35392165184020996,0.015341123406600748,4,0.3077377325080116,0.033176962749009185,4,0.22266099740201295,0.03373087092068677,4,0.09011984383536595,0.021443201284040838,4,0.09552804515210937,0.020206611725251396,4,0.8842659145593643,0.09133595562831606,4,106.0,37.33630940518894,4,0.9078593254089355,0.07820219072922834,4,179761.0,0.0,4,179761.0,0.0,4
random_all_per_seed,all_rows,0.15,0.15,False,False,B3_with_RC_weighted_bcap_8,8.0,0.0001,2e-05,random,branched_only,1,2011,K562,0.26184117048978806,0.0036381069848957876,4,0.34148623794317245,0.004995052076592438,4,0.4171480406135355,0.014835387423207409,4,0.3315029955672741,0.005586573796041616,4,0.17275596920201144,0.012315225659814497,4,0.17417755432770932,0.012395853872697864,4,0.8268326818943024,0.012309125118123087,4,0.2739318534731865,0.006464333939150427,4,0.3579532280564308,0.009000691443661722,4,0.3885217930464738,0.052776279637766016,4,0.26537466655363096,0.043320502271590434,4,0.14529415388321806,0.035007021419225744,4,0.15303818544134973,0.040852039055775696,4,0.910061314702034,0.06809649898513268,4,0.269483245909214,0.010689492847172515,4,0.3527120500802994,0.015256214786217387,4,0.3159454818198264,0.02781242069640209,4,0.23606225314739765,0.030935012286806108,4,0.09636983286757955,0.018388759175318282,4,0.10040169554110748,0.017304671038514022,4,0.8846928179264069,0.09461949680786863,4,74.75,15.628499608087782,4,0.910061314702034,0.06809649898513268,4,179761.0,0.0,4,179761.0,0.0,4
random_all_per_seed,all_rows,0.15,0.15,False,False,B3_with_RC_weighted_bcap_8,8.0,0.0001,2e-05,random,branched_only,1,2681,K562,0.262811578810215,0.0036132371164209923,4,0.3436340466141701,0.0049777767517408655,4,0.42166808975828063,0.01856763127243691,4,0.33357286518675644,0.01709576073913029,4,0.17573412811379627,0.016771741906155043,4,0.1780625456186993,0.015630312457455862,4,0.8239584267139435,0.016765434471645912,4,0.2731587514281273,0.006716527589109111,4,0.3567759022116661,0.009072259394889232,4,0.39387094903717496,0.04739127426716022,4,0.26510561111776104,0.036832745550424366,4,0.15097656996617173,0.032803292372729505,4,0.1568187741529438,0.037319005492463024,4,0.8891659080982208,0.05803350516044634,4,0.2698381766676903,0.010639086766137885,4,0.35295698046684265,0.014932160952578924,4,0.31601441955774046,0.031093870075606413,4,0.23208308912993758,0.033663637952096766,4,0.09502099203901199,0.020744642303924036,4,0.10059023493562463,0.019473753716885936,4,0.8710174709558487,0.08090024906958232,4,74.0,28.225284173355398,4,0.8891659080982208,0.05803350516044634,4,179761.0,0.0,4,179761.0,0.0,4
random_all_per_seed,all_rows,0.15,0.15,False,False,B3_with_RC_weighted_bcap_8,8.0,0.0001,2e-05,random,conv3_plus,1,134,K562,0.24233035743236542,0.038197169593987605,4,0.3167026713490486,0.04844695897276451,4,0.5359713242592663,0.0719423156282096,4,0.5125453517123288,0.07450868043534535,4,0.2739855004162357,0.09009210969654359,4,0.29114703301169337,0.07772472420304583,4,0.7205965369939804,0.08941980736011831,4,0.2879464402794838,0.009642722088637434,4,0.3747541308403015,0.010878531045383173,4,0.31545001849782256,0.04241040817831244,4,0.2283678296852283,0.02310446487808669,4,0.06265568631992852,0.05569447243735926,4,0.10085769621166489,0.027326334283331765,4,1.0432583391666412,0.236892124332467,4,0.28081363439559937,0.015075022391949307,4,0.3671112060546875,0.02172715097745465,4,0.2715756111353478,0.03904339817414813,4,0.22300632920339195,0.03191126786053588,4,0.021467242977369155,0.05079083868083633,4,0.07489660276927643,0.01977425865762952,4,0.9923612028360367,0.18687009120116788,4,39.75,18.786076404259266,4,1.0432583391666412,0.236892124332467,4,179761.0,0.0,4,3063361.0,0.0,4
random_all_per_seed,all_rows,0.15,0.15,False,False,B3_with_RC_weighted_bcap_8,8.0,0.0001,2e-05,random,conv3_plus,1,268,K562,0.24547584354877472,0.030803802331521243,4,0.3186929151415825,0.04012411552439476,4,0.5201209742513682,0.07919810651955063,4,0.44472981010826307,0.08573410332309098,4,0.261804901729066,0.08019397407664351,4,0.2752300829134039,0.08690811425835662,4,0.735440582036972,0.07989477375607924,4,0.28376373648643494,0.006620081002755937,4,0.37020570039749146,0.010464096010023866,4,0.31848673025054874,0.043485345051467436,4,0.22392501223852798,0.022989741919600327,4,0.08583594460074531,0.03909218591596031,4,0.10285202877136966,0.027988100523692445,4,1.010577753186226,0.16557226990394716,4,0.2764446586370468,0.012427017952177172,4,0.362175889313221,0.017991021217414343,4,0.2772040626908023,0.03652367704784065,4,0.22594037197176736,0.021883403328188902,4,0.04738652146587674,0.03280314255272725,4,0.07784257661110745,0.019212991253528742,4,0.9620427787303925,0.12762533192679212,4,25.25,11.05667219374799,4,1.010577753186226,0.16557226990394716,4,179761.0,0.0,4,3063361.0,0.0,4
random_all_per_seed,all_rows,0.15,0.15,False,False,B3_with_RC_weighted_bcap_8,8.0,0.0001,2e-05,random,conv3_plus,1,536,K562,0.24611247703433037,0.02514661284230951,4,0.318535178899765,0.02971226779714182,4,0.5257195672567436,0.08257131923715064,4,0.4588062679399252,0.06912034585632501,4,0.27407369451321006,0.08415301520472845,4,0.2814945804670404,0.08598996010714077,4,0.7245720326900482,0.08399605501138277,4,0.28172972798347473,0.007388736155146982,4,0.36751561611890793,0.011306965389967144,4,0.33742330254536285,0.05490944722553914,4,0.23226104338612713,0.03044883630252624,4,0.09907918345622765,0.04114612882828706,4,0.11611577064658017,0.03631145061527708,4,0.969978854060173,0.10950451009549751,4,0.2760249376296997,0.012611336535907583,4,0.3597601503133774,0.01736250694932686,4,0.28562575280162994,0.03788517879789261,4,0.21542853802380407,0.04242818520856705,4,0.06000743346208154,0.03055774889318642,4,0.08265853574290902,0.021667682114264293,4,0.9283509850502014,0.1101070545770238,4,19.25,6.13052471924984,4,0.969978854060173,0.10950451009549751,4,179761.0,0.0,4,3063361.0,0.0,4
random_all_per_seed,all_rows,0.15,0.15,False,False,B3_with_RC_weighted_bcap_8,8.0,0.0001,2e-05,random,conv3_plus,1,938,K562,0.24781709909439087,0.006694338293807564,4,0.3231043666601181,0.011075185370324732,4,0.5030416350549785,0.03867343497630996,4,0.4255537028845563,0.03114772058660309,4,0.2447345934270873,0.04066338687276105,4,0.25417261252843637,0.03885817088306864,4,0.7544602155685425,0.04062002704786148,4,0.2790302112698555,0.006060364122719,4,0.36494725197553635,0.01164106797174941,4,0.3478139998346993,0.0475114772112389,4,0.2330657061853329,0.029773774084740728,4,0.11192494789246651,0.032587853653987135,4,0.12266758383110776,0.03226046908491797,4,0.9632184654474258,0.06407274380706454,4,0.2727535143494606,0.010894202859903352,4,0.35584142804145813,0.014545579345360219,4,0.3013356037359871,0.026931757762329228,4,0.22813433013084544,0.023453697234389777,4,0.08018038909524866,0.01459110877561598,4,0.09134713576105843,0.016028895778132945,4,0.9181058555841446,0.10584421094042569,4,15.25,1.707825127659933,4,0.9632184654474258,0.06407274380706454,4,179761.0,0.0,4,3063361.0,0.0,4
random_all_per_seed,all_rows,0.15,0.15,False,False,B3_with_RC_weighted_bcap_8,8.0,0.0001,2e-05,random,conv3_plus,1,1340,K562,0.25543422251939774,0.010724521241473672,4,0.33380255848169327,0.015762205331761956,4,0.4703072801739549,0.02718385216916292,4,0.3794874898067101,0.02518045008713285,4,0.21572074234628877,0.02449050541134172,4,0.22174315914868908,0.025647374762228982,4,0.7836940288543701,0.02447227152764619,4,0.2762734591960907,0.005470291937215416,4,0.36276695877313614,0.011823894638535535,4,0.360133449028248,0.05128365531710074,4,0.2447418923228174,0.03413520387575333,4,0.12231084377456328,0.039473446228023124,4,0.13166861108599412,0.035610280810016166,4,0.9290425628423691,0.08473194623397191,4,0.27044300734996796,0.01035157026403704,4,0.3538077175617218,0.01498604501923358,4,0.3122007885530417,0.02014511028782241,4,0.24088842647595363,0.011610233163698679,4,0.09074878030150385,0.014475237424403266,4,0.09777370147452244,0.012703278933921312,4,0.8833585530519485,0.08572148371124018,4,12.0,2.160246899469287,4,0.9290425628423691,0.08473194623397191,4,179761.0,0.0,4,3063361.0,0.0,4
random_all_per_seed,all_rows,0.15,0.15,False,False,B3_with_RC_weighted_bcap_8,8.0,0.0001,2e-05,random,conv3_plus,1,2011,K562,0.2468634620308876,0.011670859825627405,4,0.32303471118211746,0.014293783384011995,4,0.509365884508421,0.054999128488503496,4,0.4074437512624707,0.062150799582953976,4,0.25891432271538223,0.05936411051745708,4,0.2617222824019173,0.05840474352734802,4,0.7407171577215195,0.05933460062593231,4,0.2753438651561737,0.006782955601080777,4,0.3603307455778122,0.010649389282536647,4,0.3770973778853132,0.04846232813472787,4,0.2561474940118371,0.03700588079211886,4,0.1340630969877894,0.03512793515184189,4,0.14396388034415725,0.035696185106827566,4,0.9220229834318161,0.06920843645936353,4,0.2725369334220886,0.010756403903682507,4,0.3556217849254608,0.014619821048992229,4,0.3171456532756659,0.026041733363753594,4,0.2306371617268158,0.03957631921391408,4,0.08104070954294204,0.031059821369194354,4,0.10108999429909055,0.01658023615446834,4,0.8990612477064133,0.08978452981622552,4,14.0,4.242640687119285,4,0.9220229834318161,0.06920843645936353,4,179761.0,0.0,4,3063361.0,0.0,4
random_all_per_seed,all_rows,0.15,0.15,False,False,B3_with_RC_weighted_bcap_8,8.0,0.0001,2e-05,random,conv3_plus,1,2681,K562,0.25546929612755775,0.00591706211535953,4,0.3340167924761772,0.007205514119446879,4,0.47211572457660866,0.02437261491804336,4,0.36498542984651616,0.023894240579951407,4,0.22124840174494126,0.022689092009925152,4,0.22333877566095361,0.02285673722396417,4,0.778461143374443,0.022680595981392163,4,0.2743666470050812,0.005016976222570409,4,0.35914869606494904,0.00921192663481525,4,0.38216113462945855,0.043345209456501235,4,0.2607782561298315,0.037385221585539,4,0.1397069046501025,0.03133370701040362,4,0.14745623820839615,0.032232934936564366,4,0.9009987115859985,0.05870251781458389,4,0.2698473185300827,0.010941742219271603,4,0.3531302437186241,0.01501545758619019,4,0.32366963795047327,0.02394875629418377,4,0.24268409548520536,0.03224362916176032,4,0.09417422740853024,0.019196619335353337,4,0.10519219172701909,0.015427459929509581,4,0.8718837201595306,0.08106415961403515,4,10.5,1.7320508075688776,4,0.9009987115859985,0.05870251781458389,4,179761.0,0.0,4,3063361.0,0.0,4
random_all_per_seed,all_rows,0.15,0.15,False,False,B3_with_RC_weighted_bcap_8,8.0,0.0001,2e-05,random,full,1,134,K562,0.20636526495218277,0.02965170318201542,4,0.2826700247824192,0.04013632989834818,4,0.6749905541754866,0.04179569830727855,4,0.6284307365148438,0.05093471644288368,4,0.42013144217076925,0.07243873267171357,4,0.4569224085238753,0.0563291563281641,4,0.5755411982536316,0.07189816734648721,4,0.2978869006037712,0.013450606708478216,4,0.38615093380212784,0.01205500996893582,4,0.30297745847455676,0.03402005226590376,4,0.2239673762018258,0.020285517669540738,4,0.003224225880906234,0.08889394916649074,4,0.09266336331083287,0.020415336934506784,4,1.105304017663002,0.23861854473713495,4,0.2890302240848541,0.01953777663019277,4,0.37804410606622696,0.02800861632911402,4,0.26247807032719284,0.04100764273963915,4,0.21687702038305146,0.03510339372640244,4,-0.03759837131106061,0.08392659860792413,4,0.07015595747498322,0.019905108316379417,4,1.0505161732435226,0.19780712264188668,4,22.25,6.238322424070967,4,1.105304017663002,0.23861854473713495,4,179761.0,0.0,4,3747661.0,0.0,4
random_all_per_seed,all_rows,0.15,0.15,False,False,B3_with_RC_weighted_bcap_8,8.0,0.0001,2e-05,random,full,1,268,K562,0.21555403620004654,0.032545204073747315,4,0.28776515647768974,0.041187605851986574,4,0.6441182535706507,0.0574592854779701,4,0.5546021986340716,0.04660752761999718,4,0.3990859634254794,0.07684962412569793,4,0.41736450169863415,0.07686243080957166,4,0.5986718311905861,0.07656285216694292,4,0.29126226156949997,0.00919337750140938,4,0.3783235177397728,0.009246283753556753,4,0.31369412749456893,0.040309098120504344,4,0.22651249115014238,0.02002974203609977,4,0.04447972349722076,0.0584914795682754,4,0.09962262316804521,0.025038242975583616,4,1.0551772266626358,0.17035245726038603,4,0.2821801230311394,0.014880705143792992,4,0.3691842705011368,0.02254610966699614,4,0.2761365507251239,0.04068277240630445,4,0.2238495880263404,0.027440130657574727,4,0.01031812481917907,0.057140172362521086,4,0.0774927106243663,0.021234039573440656,4,1.000311255455017,0.14975416597357377,4,15.0,4.320493798938573,4,1.0551772266626358,0.17035245726038603,4,179761.0,0.0,4,3747661.0,0.0,4
random_all_per_seed,all_rows,0.15,0.15,False,False,B3_with_RC_weighted_bcap_8,8.0,0.0001,2e-05,random,full,1,536,K562,0.24401770904660225,0.023414271306325497,4,0.3159462735056877,0.02726194515793171,4,0.5451518357974456,0.06811088617338344,4,0.4573499395367832,0.0733828966272243,4,0.28599301535299426,0.0765829224655274,4,0.30066984368481775,0.07195361714053511,4,0.7126749455928802,0.07644004473535611,4,0.2866346687078476,0.007230749604033743,4,0.37273789942264557,0.00952070931819772,4,0.3184306974864256,0.046649404790761025,4,0.23074616802763692,0.0270241142372252,4,0.07303943562014795,0.04405984141499347,4,0.10303023432719069,0.029907538256837087,4,0.9978192001581192,0.11131295470510501,4,0.27901047468185425,0.013739418923343497,4,0.36420169472694397,0.019568232923275152,4,0.28109851799897245,0.04084798101997248,4,0.2283200780755062,0.030395378301337986,4,0.03676080147091518,0.04179559810733536,4,0.08026779498627465,0.022398491122963656,4,0.9523199945688248,0.12818683513306697,4,8.0,2.9439202887759492,4,0.9978192001581192,0.11131295470510501,4,179761.0,0.0,4,3747661.0,0.0,4
random_all_per_seed,all_rows,0.15,0.15,False,False,B3_with_RC_weighted_bcap_8,8.0,0.0001,2e-05,random,full,1,938,K562,0.25065866485238075,0.017193266052258405,4,0.3260749354958534,0.021884823767094295,4,0.4868050516819987,0.0662170196352661,4,0.39662742927347444,0.06977421090797864,4,0.23167157455549736,0.061879925010284206,4,0.24026767861014636,0.06288989474015719,4,0.7675093561410904,0.061814030870882324,4,0.2815282940864563,0.00676883886443422,4,0.36809200793504715,0.011516731393819344,4,0.32507312047803555,0.048453792633258316,4,0.23576141891274602,0.02835677732338047,4,0.09648804742156383,0.03456616877855618,4,0.1074333611727375,0.03188018494820906,4,0.9798996448516846,0.06493820655710682,4,0.2747611030936241,0.01157943374435291,4,0.3584285005927086,0.01590495044909787,4,0.2891513921247435,0.03486397946578036,4,0.23249673031376047,0.02585842093817104,4,0.06683738149509619,0.0233451074496101,4,0.08452015036581996,0.019654892150537513,4,0.932014599442482,0.11617163232449003,4,6.25,2.362907813126304,4,0.9798996448516846,0.06493820655710682,4,179761.0,0.0,4,3747661.0,0.0,4
random_all_per_seed,all_rows,0.15,0.15,False,False,B3_with_RC_weighted_bcap_8,8.0,0.0001,2e-05,random,full,1,1340,K562,0.24983878806233406,0.012389289080331172,4,0.3266167938709259,0.01712310071313628,4,0.504464937496631,0.036442899989588884,4,0.3943597381169588,0.027264436572782807,4,0.24890962683991893,0.038955461334517306,4,0.25548093688321827,0.037408171213857117,4,0.7505298554897308,0.038926396160151214,4,0.2793295234441757,0.006219989279623203,4,0.36554262042045593,0.012086536798624379,4,0.34561402134467234,0.05440875998965357,4,0.24556698038948527,0.027527655317565965,4,0.10878786403903237,0.04174624925972056,4,0.12166928662274445,0.03751473531319736,4,0.9433602541685104,0.08706737131003016,4,0.27299366891384125,0.011528275793417371,4,0.35613273829221725,0.016100769818228278,4,0.30205215219728493,0.035217198789402576,4,0.23883078003644945,0.023231942888760133,4,0.07882284794714345,0.021874920122268025,4,0.09216569096494101,0.020940699670275138,4,0.8954404890537262,0.09555149454868489,4,6.5,1.2909944487358058,4,0.9433602541685104,0.08706737131003016,4,179761.0,0.0,4,3747661.0,0.0,4
random_all_per_seed,all_rows,0.15,0.15,False,False,B3_with_RC_weighted_bcap_8,8.0,0.0001,2e-05,random,full,1,2011,K562,0.24860739335417747,0.011525652865971226,4,0.3250875622034073,0.01495795012762965,4,0.5030317635476239,0.04500512757028007,4,0.3880306549295569,0.042002891826023694,4,0.25041546234500905,0.04519621928337756,4,0.25456005126854553,0.04522736092143847,4,0.7492117583751678,0.04517375315213692,4,0.2773432731628418,0.005992964297685942,4,0.3634924069046974,0.01098548100070759,4,0.3579414276828391,0.05288135829684969,4,0.24708953602310021,0.025347932556048086,4,0.11868682927275165,0.03999525194144289,4,0.13021939419311898,0.037029168358192414,4,0.938297912478447,0.07141275808060754,4,0.271310530602932,0.011523939029495797,4,0.35454293340444565,0.016409193473557335,4,0.3146601416741153,0.027401926357215438,4,0.24689473505766418,0.018895473563042532,4,0.08705936148596713,0.0237445036024944,4,0.09957415393443901,0.01705209115299007,4,0.8942106515169144,0.10197830687666734,4,5.5,1.2909944487358058,4,0.938297912478447,0.07141275808060754,4,179761.0,0.0,4,3747661.0,0.0,4
random_all_per_seed,all_rows,0.15,0.15,False,False,B3_with_RC_weighted_bcap_8,8.0,0.0001,2e-05,random,full,1,2681,K562,0.24666555225849152,0.010569436731402851,4,0.32404783368110657,0.011891220973895625,4,0.5175300204869845,0.04102947992460901,4,0.4023721753000839,0.036705358532253284,4,0.26680151959734383,0.04320862924940119,4,0.2690998857724215,0.04249863670022395,4,0.7329250127077103,0.04319253241073704,4,0.277319498360157,0.00637067154202719,4,0.3627609759569168,0.010444508419110998,4,0.36739266978531354,0.04680970795336506,4,0.2538459941035198,0.026047447583252326,4,0.1222642379841671,0.03720259786590664,4,0.13662073538098993,0.033421938344875765,4,0.919411227107048,0.06623654520855188,4,0.2712991088628769,0.011540575318889511,4,0.35456278920173645,0.016222814724308452,4,0.32200195084374805,0.025548762614860072,4,0.24987246314381548,0.022851182191205445,4,0.08690648500102216,0.024847408512512364,4,0.10417481080054242,0.016193184759287032,4,0.8791905343532562,0.08738349027876156,4,5.5,1.2909944487358056,4,0.919411227107048,0.06623654520855188,4,179761.0,0.0,4,3747661.0,0.0,4
